id,created_at,country_code,first_date,first_movie,last_date,last_movie,started,finished
1,2024-10-16,US,2024-10-19,Soul,2025-04-26,Her,15,4
2,2023-10-24,US,2025-01-03,Avengers: Endgame,2025-03-03,Moonlight,18,14
3,2024-10-02,CA,2025-01-17,Spider-Man: No Way Home,2025-06-29,The Shawshank Redemption,10,5
4,2023-03-07,CA,2023-03-28,Inside Out,2024-11-19,Her,38,14
5,2023-10-06,CA,2024-08-10,Parasite,2024-11-25,The Shawshank Redemption,44,40
6,2024-04-22,CA,2024-05-23,Knives Out,2024-09-05,Moonlight,50,37
7,2023-03-29,US,2023-07-28,Knives Out,2025-02-18,Her,50,33
8,2024-06-27,CA,2024-11-18,Bohemian Rhapsody,2025-05-11,Bohemian Rhapsody,12,1
9,2023-01-23,MX,2024-03-03,Inception,2024-07-21,The Revenant,44,3
10,2023-05-14,MX,2024-01-25,Avengers: Endgame,2024-07-21,Inception,9,0
11,2024-10-20,US,2024-10-27,Moonlight,2025-02-26,Knives Out,44,6
12,2024-02-29,CA,2024-06-18,Avengers: Endgame,2025-03-07,Arrival,28,3
13,2023-03-11,CA,2024-06-05,Whiplash,2025-04-24,Soul,38,3
14,2023-09-02,CA,2024-12-25,Arrival,2025-02-12,The Revenant,29,14
15,2023-05-17,US,2024-05-11,Parasite,2025-02-14,Bohemian Rhapsody,50,43
16,2024-07-03,US,2024-07-30,Top Gun: Maverick,2025-03-07,Soul,47,23
17,2024-05-22,US,2025-01-16,Fight Club,2025-03-31,Inception,20,18
18,2024-11-19,CA,2024-11-21,Soul,2025-03-02,Inception,48,13
19,2024-06-09,CA,2024-10-06,Big Hero 6,2024-11-25,Parasite,14,5
20,2024-04-11,CA,2024-05-11,Big Hero 6,2025-03-23,Big Hero 6,2,0
21,2023-10-09,MX,2024-03-03,Spider-Man: No Way Home,2024-03-11,Knives Out,12,1
22,2023-02-13,US,2023-09-17,Big Hero 6,2025-04-19,Soul,3,0
23,2024-08-24,US,2024-12-03,Whiplash,2024-12-22,Bohemian Rhapsody,37,15
24,2024-04-04,MX,2024-12-05,Moonlight,2025-05-03,Inside Out,33,26
25,2024-06-07,US,2024-10-31,Soul,2024-11-29,Inside Out,24,17
26,2024-03-27,CA,2024-03-27,The Shawshank Redemption,2024-11-01,Top Gun: Maverick,42,19
27,2024-12-19,US,2024-12-29,Arrival,2025-05-05,Spider-Man: No Way Home,34,16
28,2024-12-03,CA,2025-01-24,Fight Club,2025-06-27,The Shawshank Redemption,21,4
29,2023-05-21,CA,2023-12-11,Her,2025-06-01,Inside Out,2,1
30,2023-10-04,US,2023-10-17,Her,2024-09-07,Inception,50,17
31,2023-03-25,CA,2023-07-21,Moonlight,2024-05-31,Big Hero 6,32,16
32,2024-12-27,MX,2025-01-21,Spider-Man: No Way Home,2025-02-24,The Revenant,2,0
33,2024-04-12,US,2024-10-13,Soul,2025-01-22,Arrival,30,16
34,2024-04-19,US,2024-12-15,The Revenant,2024-12-28,The Revenant,40,4
35,2024-04-30,MX,2024-07-17,Inception,2024-10-30,Whiplash,27,21
36,2023-06-19,US,2024-11-03,Her,2025-01-24,Parasite,18,1
37,2024-07-14,MX,2024-10-17,Fight Club,2024-12-10,Bohemian Rhapsody,32,8
38,2023-04-15,MX,2024-11-10,Her,2025-06-19,Inside Out,25,7
39,2023-08-12,MX,2024-12-10,Inception,2025-05-02,Avengers: Endgame,43,22
40,2024-07-06,CA,2024-12-20,Arrival,2025-01-27,Moonlight,15,9
41,2023-03-20,MX,2025-01-06,The Shawshank Redemption,2025-03-18,Top Gun: Maverick,12,2
42,2023-06-24,US,2024-08-17,Top Gun: Maverick,2025-06-20,The Revenant,50,11
43,2024-08-11,US,2024-10-16,Knives Out,2025-01-13,Spider-Man: No Way Home,7,1
44,2023-09-22,US,2024-04-04,Her,2025-02-22,Her,21,13
45,2023-07-04,MX,2023-11-15,Her,2025-06-26,Avengers: Endgame,47,17
46,2024-01-23,US,2024-06-05,Knives Out,2024-07-15,Her,34,17
47,2023-03-12,MX,2023-08-17,Whiplash,2024-11-19,Soul,35,23
48,2023-09-29,CA,2024-12-27,Her,2025-05-25,Her,17,9
49,2024-07-28,MX,2024-12-09,Her,2025-02-10,Turning Red,18,13
50,2023-12-22,MX,2024-06-19,Whiplash,2024-12-17,Her,33,17
51,2023-10-29,MX,2023-11-25,Top Gun: Maverick,2025-05-07,Get Out,42,28
52,2023-09-01,CA,2024-12-06,The Shawshank Redemption,2025-02-21,Spider-Man: No Way Home,20,5
53,2023-03-14,CA,2024-11-30,Inside Out,2025-02-24,Get Out,4,1
54,2024-09-23,CA,2024-12-11,The Shawshank Redemption,2025-03-06,Inside Out,6,6
55,2024-06-04,US,2024-09-15,Parasite,2024-11-08,Inside Out,42,4
56,2023-05-21,MX,2024-07-19,Knives Out,2025-03-09,Bohemian Rhapsody,30,16
57,2023-04-29,US,2023-10-17,Moonlight,2025-02-03,Big Hero 6,20,15
58,2024-05-18,US,2024-12-05,Big Hero 6,2025-01-19,Avengers: Endgame,10,8
59,2024-10-25,US,2024-11-16,Fight Club,2025-04-06,Moonlight,43,12
60,2023-06-11,US,2024-10-19,Avengers: Endgame,2025-02-27,Turning Red,16,14
61,2024-01-03,CA,2024-05-04,Turning Red,2025-03-31,Inception,31,19
62,2023-06-29,MX,2023-12-03,Her,2024-05-16,Avengers: Endgame,3,2
63,2024-07-06,US,2024-11-19,Avengers: Endgame,2025-02-04,Inception,26,15
64,2024-12-05,MX,2024-12-20,Avengers: Endgame,2024-12-27,Soul,32,4
65,2024-08-30,US,2024-12-28,Soul,2025-01-27,Fight Club,5,2
66,2024-09-19,US,2025-01-26,Turning Red,2025-06-20,Avengers: Endgame,38,0
67,2023-04-12,MX,2023-06-05,Big Hero 6,2023-08-13,Inception,12,6
68,2024-05-21,MX,2024-11-30,Arrival,2025-05-06,Whiplash,21,1
69,2024-07-02,US,2024-09-13,Fight Club,2025-01-26,Whiplash,37,25
70,2023-06-14,MX,2024-03-07,Turning Red,2024-11-21,Arrival,27,19
71,2023-09-24,US,2024-03-02,Top Gun: Maverick,2024-03-24,Big Hero 6,18,11
72,2023-08-05,US,2024-05-20,Fight Club,2024-11-01,Turning Red,36,24
73,2023-02-07,CA,2024-03-22,Spider-Man: No Way Home,2024-11-25,The Revenant,47,39
74,2024-01-17,CA,2024-12-03,Arrival,2025-04-11,Avengers: Endgame,4,0
75,2024-08-09,MX,2024-09-13,Spider-Man: No Way Home,2025-03-25,Her,7,5
76,2024-12-29,CA,2025-01-06,Spider-Man: No Way Home,2025-05-17,Avengers: Endgame,45,13
77,2023-03-27,MX,2024-08-20,Top Gun: Maverick,2024-12-02,Arrival,35,10
78,2024-08-06,US,2024-12-17,Soul,2025-06-21,The Shawshank Redemption,44,1
79,2023-05-21,US,2023-07-21,Whiplash,2023-11-28,The Revenant,28,16
80,2024-11-10,MX,2024-11-18,Spider-Man: No Way Home,2024-12-30,Moonlight,49,41
81,2023-11-30,CA,2024-07-17,Soul,2024-10-09,The Shawshank Redemption,33,2
82,2023-06-27,US,2024-08-11,Inception,2025-01-19,Moonlight,14,7
83,2023-12-03,US,2024-04-23,Fight Club,2024-10-02,Spider-Man: No Way Home,27,20
84,2023-01-13,US,2023-04-17,Moonlight,2025-02-04,Moonlight,46,37
85,2024-09-05,CA,2024-11-23,Avengers: Endgame,2025-03-31,Soul,46,36
86,2024-02-03,US,2024-07-28,Inside Out,2025-04-26,Moonlight,31,8
87,2023-04-20,US,2024-04-12,Bohemian Rhapsody,2025-04-16,Moonlight,23,0
88,2023-06-09,CA,2024-11-02,Her,2024-11-05,Fight Club,44,21
89,2024-02-23,MX,2024-07-22,Fight Club,2025-01-04,Inception,23,7
90,2023-06-08,US,2023-08-04,Soul,2025-02-10,Inside Out,8,0
91,2023-04-15,CA,2024-04-14,Parasite,2024-05-23,Avengers: Endgame,24,2
92,2023-01-03,US,2023-01-20,Inside Out,2024-01-26,Big Hero 6,9,1
93,2024-05-03,MX,2024-07-22,Top Gun: Maverick,2024-08-06,Arrival,10,1
94,2024-03-09,US,2024-07-26,Spider-Man: No Way Home,2024-09-11,Moonlight,9,3
95,2023-03-08,US,2024-11-08,Whiplash,2024-11-10,The Shawshank Redemption,36,12
96,2023-03-16,US,2024-04-16,Turning Red,2024-12-08,Arrival,30,14
97,2023-07-15,MX,2023-07-29,Arrival,2024-08-11,Inception,20,9
98,2024-08-08,CA,2024-10-08,The Shawshank Redemption,2025-04-26,Moonlight,4,4
99,2023-04-06,US,2024-06-26,The Revenant,2024-07-01,Top Gun: Maverick,2,2
100,2023-11-01,US,2024-08-01,Moonlight,2024-12-04,Soul,43,3
101,2023-10-28,MX,2024-12-24,Spider-Man: No Way Home,2025-06-07,Arrival,26,0
102,2024-06-24,US,2024-09-18,Turning Red,2024-09-26,Big Hero 6,7,6
103,2023-11-08,US,2024-03-22,Moonlight,2024-09-06,Soul,45,10
104,2023-11-19,MX,2023-12-24,Bohemian Rhapsody,2024-06-11,Parasite,30,4
105,2023-04-23,US,2024-09-14,Get Out,2024-11-28,Top Gun: Maverick,34,18
106,2024-03-30,CA,2024-04-27,Whiplash,2024-06-28,Moonlight,31,11
107,2024-03-28,CA,2024-04-12,Parasite,2024-07-10,Avengers: Endgame,45,28
108,2023-10-14,US,2024-01-26,Spider-Man: No Way Home,2024-06-14,Her,20,17
109,2023-10-10,CA,2024-12-27,Top Gun: Maverick,2025-05-02,Her,41,11
110,2023-12-16,CA,2024-02-14,Knives Out,2024-03-26,Knives Out,33,9
111,2023-01-07,CA,2023-02-02,The Shawshank Redemption,2024-02-15,Whiplash,37,27
112,2024-01-18,CA,2024-08-16,Inside Out,2024-12-04,Her,1,0
113,2023-04-15,MX,2024-05-26,Fight Club,2025-01-29,Bohemian Rhapsody,19,9
114,2024-10-20,CA,2024-12-01,Turning Red,2025-01-06,Avengers: Endgame,36,10
115,2023-07-02,CA,2025-01-29,Top Gun: Maverick,2025-02-24,Spider-Man: No Way Home,38,24
116,2023-03-30,US,2024-02-18,Inception,2024-12-16,Bohemian Rhapsody,1,0
117,2023-09-10,CA,2024-11-11,The Shawshank Redemption,2025-05-04,Top Gun: Maverick,20,1
118,2024-01-17,MX,2024-07-28,The Revenant,2025-06-30,Fight Club,21,3
119,2023-11-05,CA,2023-12-16,Her,2024-06-22,The Shawshank Redemption,28,2
120,2023-11-23,US,2024-09-12,Moonlight,2025-05-29,Get Out,1,1
121,2023-09-22,MX,2024-08-11,Get Out,2024-10-09,Spider-Man: No Way Home,24,24
122,2023-08-15,US,2024-06-04,Get Out,2025-06-11,The Revenant,27,20
123,2023-11-27,US,2024-04-25,Inception,2024-05-28,The Shawshank Redemption,37,29
124,2023-04-30,CA,2023-07-24,The Shawshank Redemption,2024-11-22,Avengers: Endgame,35,13
125,2023-08-09,MX,2025-01-05,Soul,2025-04-27,Avengers: Endgame,5,1
126,2023-04-14,US,2025-01-27,Soul,2025-04-24,Inside Out,24,14
127,2024-08-11,CA,2025-01-05,The Shawshank Redemption,2025-02-13,Top Gun: Maverick,14,4
128,2024-05-15,MX,2024-11-14,Parasite,2025-05-24,Knives Out,13,3
129,2024-11-07,CA,2024-12-24,Knives Out,2025-05-31,Bohemian Rhapsody,27,5
130,2024-01-30,MX,2024-02-23,The Shawshank Redemption,2025-04-04,Bohemian Rhapsody,1,0
131,2023-06-15,CA,2024-05-10,The Revenant,2024-05-15,Big Hero 6,31,22
132,2024-12-27,MX,2025-01-27,Her,2025-04-11,Spider-Man: No Way Home,7,1
133,2023-08-15,MX,2024-11-01,Soul,2025-04-20,Avengers: Endgame,50,45
134,2024-06-20,CA,2024-06-25,Fight Club,2025-05-01,Inside Out,4,2
135,2024-07-02,US,2024-09-28,Top Gun: Maverick,2024-11-16,Arrival,37,11
136,2024-12-06,US,2024-12-24,Her,2024-12-25,Parasite,12,6
137,2023-05-03,CA,2023-11-25,Inside Out,2024-02-21,Big Hero 6,13,2
138,2023-03-07,US,2023-09-11,The Shawshank Redemption,2025-06-14,Parasite,43,28
139,2024-11-18,MX,2025-01-01,Turning Red,2025-03-28,Arrival,5,1
140,2024-01-09,CA,2024-04-16,Soul,2025-01-03,Spider-Man: No Way Home,2,1
141,2023-02-11,CA,2024-12-14,Turning Red,2025-04-10,Parasite,36,2
142,2024-03-29,US,2024-12-13,Turning Red,2024-12-14,Bohemian Rhapsody,13,4
143,2024-05-15,CA,2024-08-20,The Revenant,2024-12-14,Bohemian Rhapsody,3,2
144,2024-03-05,US,2024-05-15,Parasite,2025-06-22,Moonlight,41,9
145,2024-09-03,MX,2024-10-03,Fight Club,2025-03-03,The Shawshank Redemption,34,32
146,2024-04-13,CA,2024-07-06,Big Hero 6,2025-03-14,Inside Out,39,18
147,2023-02-12,MX,2023-05-29,Inception,2025-01-07,Soul,36,10
148,2023-10-25,MX,2024-04-11,Avengers: Endgame,2024-11-15,Top Gun: Maverick,5,1
149,2023-08-23,MX,2024-11-20,Avengers: Endgame,2025-06-14,Avengers: Endgame,11,2
150,2023-03-30,MX,2023-10-07,Get Out,2024-04-25,Inside Out,24,17
151,2024-06-13,MX,2024-11-21,Soul,2024-12-07,Soul,18,9
152,2023-02-12,US,2023-11-23,Inside Out,2024-03-12,Inside Out,18,4
153,2023-04-13,US,2024-06-04,Get Out,2025-06-03,Get Out,10,6
154,2024-01-04,CA,2024-01-14,Knives Out,2025-05-30,Get Out,28,2
155,2023-11-30,US,2024-12-26,Spider-Man: No Way Home,2025-03-05,Inception,33,32
156,2024-06-23,US,2024-12-10,The Revenant,2025-06-02,Spider-Man: No Way Home,44,17
157,2023-07-16,CA,2023-09-21,Fight Club,2023-11-10,Soul,25,5
158,2023-09-29,CA,2024-12-28,Fight Club,2025-06-12,Her,43,37
159,2024-05-03,US,2024-12-29,Moonlight,2025-03-31,Inside Out,7,4
160,2023-03-02,CA,2023-10-04,Moonlight,2025-06-22,The Shawshank Redemption,34,18
161,2023-09-15,MX,2024-10-30,The Revenant,2025-01-07,The Shawshank Redemption,41,25
162,2023-09-23,CA,2024-03-11,Top Gun: Maverick,2024-12-17,Bohemian Rhapsody,3,3
163,2023-02-03,US,2023-03-02,Inception,2025-05-03,Inception,6,2
164,2024-11-19,US,2025-01-22,Whiplash,2025-04-06,Soul,11,1
165,2024-06-26,US,2024-10-07,The Revenant,2025-04-18,Avengers: Endgame,16,13
166,2024-03-17,US,2024-05-09,Soul,2024-10-14,Turning Red,30,27
167,2023-12-12,CA,2024-01-20,Soul,2024-04-23,Fight Club,45,18
168,2023-11-30,MX,2024-11-03,Arrival,2025-04-06,Her,34,8
169,2024-02-26,MX,2024-05-02,Top Gun: Maverick,2025-03-03,Arrival,2,2
170,2024-06-20,MX,2024-11-03,Turning Red,2025-01-09,The Shawshank Redemption,13,3
171,2024-08-29,US,2024-10-11,Fight Club,2025-03-25,Top Gun: Maverick,26,9
172,2023-04-18,MX,2024-01-14,The Revenant,2025-03-03,Top Gun: Maverick,47,4
173,2024-09-18,CA,2024-11-04,Her,2025-04-16,Top Gun: Maverick,44,34
174,2024-06-11,MX,2024-12-08,Arrival,2025-01-19,Whiplash,14,1
175,2024-05-06,CA,2024-10-17,Arrival,2025-02-27,Inside Out,41,17
176,2023-07-23,CA,2024-05-01,Spider-Man: No Way Home,2025-03-31,The Shawshank Redemption,4,4
177,2024-11-07,US,2024-11-13,Turning Red,2024-12-12,Avengers: Endgame,8,6
178,2024-07-25,MX,2024-11-03,Spider-Man: No Way Home,2025-04-12,Top Gun: Maverick,22,0
179,2024-09-26,US,2025-01-17,Knives Out,2025-02-07,Knives Out,38,1
180,2024-12-21,US,2024-12-22,The Revenant,2024-12-26,Knives Out,12,5
181,2024-04-02,MX,2024-12-06,Get Out,2025-05-25,Avengers: Endgame,17,1
182,2023-06-02,US,2024-10-10,Fight Club,2025-03-05,Big Hero 6,31,17
183,2023-04-20,CA,2024-12-04,Moonlight,2025-06-26,Bohemian Rhapsody,19,1
184,2024-03-31,MX,2025-01-19,Knives Out,2025-02-05,Inception,40,4
185,2023-08-01,CA,2024-06-17,Knives Out,2024-10-22,Top Gun: Maverick,7,4
186,2023-11-15,CA,2024-06-18,Big Hero 6,2024-12-21,Get Out,22,17
187,2024-07-21,CA,2024-12-30,Arrival,2025-02-11,Soul,33,11
188,2023-09-04,MX,2024-01-08,Inside Out,2024-06-06,Get Out,33,32
189,2024-08-28,CA,2024-10-13,Get Out,2025-04-16,Turning Red,37,29
190,2023-04-29,CA,2023-07-28,Spider-Man: No Way Home,2025-04-27,Top Gun: Maverick,31,12
191,2023-03-02,US,2023-08-10,Fight Club,2024-10-10,Turning Red,21,3
192,2024-01-18,MX,2024-11-03,Top Gun: Maverick,2025-01-29,Fight Club,24,12
193,2024-04-12,CA,2025-01-25,Inside Out,2025-06-16,Get Out,21,18
194,2023-10-12,CA,2024-06-17,The Shawshank Redemption,2024-11-06,Top Gun: Maverick,48,33
195,2023-07-09,CA,2023-12-02,Arrival,2024-10-27,The Revenant,25,12
196,2024-11-05,US,2024-11-09,Top Gun: Maverick,2024-11-15,Big Hero 6,44,11
197,2023-08-05,CA,2023-09-24,Her,2024-10-26,Big Hero 6,16,2
198,2024-10-03,MX,2024-10-11,Turning Red,2025-04-17,Knives Out,47,17
199,2024-08-30,CA,2024-09-01,Arrival,2024-12-01,Arrival,8,2
200,2023-08-15,CA,2024-05-04,Turning Red,2025-06-10,Whiplash,40,7
201,2023-07-07,US,2024-08-27,Top Gun: Maverick,2024-11-15,Fight Club,16,6
202,2023-05-17,MX,2023-10-20,Inception,2024-06-15,Top Gun: Maverick,2,0
203,2023-01-11,US,2023-02-02,The Shawshank Redemption,2023-09-14,Soul,27,14
204,2023-03-28,US,2023-05-15,Spider-Man: No Way Home,2023-09-14,Get Out,33,2
205,2024-02-11,CA,2024-12-31,The Shawshank Redemption,2025-06-17,Bohemian Rhapsody,39,20
206,2024-10-29,US,2025-01-02,The Shawshank Redemption,2025-06-29,Avengers: Endgame,48,35
207,2023-11-20,US,2024-12-29,Bohemian Rhapsody,2025-06-01,Spider-Man: No Way Home,26,0
208,2024-03-24,MX,2024-08-21,Get Out,2025-03-30,The Revenant,4,4
209,2024-02-07,CA,2024-06-26,Parasite,2025-06-01,Knives Out,36,25
210,2023-01-10,CA,2024-07-31,Bohemian Rhapsody,2025-03-10,Parasite,44,4
211,2023-11-03,CA,2024-04-19,Avengers: Endgame,2025-06-08,Soul,14,6
212,2024-11-15,CA,2024-12-09,Moonlight,2025-01-10,Inception,48,47
213,2023-11-02,US,2024-02-04,Inception,2024-11-26,Soul,45,41
214,2023-01-22,US,2024-08-05,Moonlight,2025-04-27,Her,19,12
215,2023-02-24,US,2023-04-24,Top Gun: Maverick,2024-11-07,Soul,42,1
216,2023-12-25,MX,2024-07-27,Big Hero 6,2024-09-07,Knives Out,35,10
217,2023-07-20,MX,2024-04-30,Bohemian Rhapsody,2024-06-11,Her,2,0
218,2023-09-03,CA,2024-01-26,Spider-Man: No Way Home,2024-05-07,Moonlight,4,0
219,2023-02-20,US,2023-05-22,Fight Club,2024-02-28,Inception,14,4
220,2024-03-01,US,2024-10-05,Inside Out,2024-10-19,Spider-Man: No Way Home,8,7
221,2023-08-07,CA,2024-02-13,Avengers: Endgame,2024-05-06,Moonlight,38,2
222,2024-05-19,CA,2024-07-08,Her,2024-09-14,The Revenant,24,24
223,2024-05-27,MX,2025-01-07,Big Hero 6,2025-05-05,Parasite,23,8
224,2024-04-06,CA,2024-04-15,Turning Red,2024-08-03,Moonlight,13,7
225,2024-02-01,US,2024-07-28,Fight Club,2025-06-26,Whiplash,50,36
226,2023-08-29,US,2024-11-11,Avengers: Endgame,2025-02-09,Arrival,40,3
227,2024-04-19,US,2024-06-02,Her,2025-04-01,Moonlight,1,0
228,2023-05-28,CA,2024-10-06,Parasite,2024-10-25,Moonlight,18,12
229,2024-07-27,US,2024-11-17,Soul,2025-02-03,Soul,5,3
230,2024-03-04,MX,2024-12-19,Soul,2024-12-29,Get Out,12,3
231,2024-04-11,MX,2025-01-03,Soul,2025-03-11,The Shawshank Redemption,30,1
232,2024-04-27,US,2024-11-25,Whiplash,2025-01-16,Bohemian Rhapsody,45,32
233,2023-09-03,MX,2024-01-03,Fight Club,2025-04-14,Bohemian Rhapsody,27,6
234,2023-05-11,US,2024-07-22,Moonlight,2024-08-10,Moonlight,30,19
235,2023-02-04,MX,2024-02-17,Inside Out,2024-09-09,Top Gun: Maverick,1,0
236,2023-09-09,MX,2024-12-30,Get Out,2024-12-30,Knives Out,27,3
237,2024-05-09,MX,2024-09-08,Inside Out,2024-12-02,The Revenant,23,2
238,2023-01-13,US,2024-02-18,Bohemian Rhapsody,2024-07-31,Parasite,6,3
239,2023-02-13,MX,2023-08-04,Avengers: Endgame,2023-09-15,Turning Red,35,18
240,2023-09-21,CA,2024-08-08,Top Gun: Maverick,2025-06-06,Fight Club,21,9
241,2023-09-19,CA,2023-10-27,Her,2024-05-28,The Revenant,21,9
242,2023-07-10,MX,2023-11-23,Her,2024-10-17,Bohemian Rhapsody,26,25
243,2024-10-23,MX,2024-11-18,Spider-Man: No Way Home,2024-12-14,The Shawshank Redemption,38,36
244,2023-01-18,MX,2023-09-13,Big Hero 6,2024-08-03,Fight Club,47,4
245,2024-05-07,CA,2025-01-26,Avengers: Endgame,2025-03-20,Get Out,13,11
246,2023-11-18,US,2024-09-16,Turning Red,2025-06-11,Inside Out,35,2
247,2023-04-13,CA,2024-03-15,Fight Club,2024-09-05,Parasite,29,21
248,2023-06-15,US,2023-09-01,Avengers: Endgame,2025-02-07,Moonlight,37,35
249,2024-10-08,US,2025-01-18,Big Hero 6,2025-01-21,Inside Out,5,4
250,2023-07-09,US,2023-09-02,Spider-Man: No Way Home,2024-03-09,Knives Out,22,20
251,2023-12-07,MX,2024-01-09,Big Hero 6,2024-10-08,Moonlight,11,5
252,2023-08-18,CA,2024-05-21,Whiplash,2024-09-06,Knives Out,36,21
253,2023-10-16,US,2024-12-11,Inside Out,2025-05-04,Soul,6,5
254,2024-09-27,MX,2024-10-02,Whiplash,2025-02-05,Top Gun: Maverick,8,3
255,2023-04-12,MX,2023-07-09,Avengers: Endgame,2024-11-27,The Shawshank Redemption,9,1
256,2024-09-14,US,2025-01-03,Spider-Man: No Way Home,2025-05-04,Arrival,32,24
257,2023-06-29,MX,2023-12-04,Inception,2024-09-19,Inside Out,18,15
258,2023-12-19,CA,2025-01-23,The Revenant,2025-04-28,The Revenant,20,0
259,2023-07-19,CA,2024-08-30,Moonlight,2024-11-20,Whiplash,18,9
260,2024-05-12,CA,2024-07-31,Top Gun: Maverick,2025-06-03,Top Gun: Maverick,2,1
261,2024-02-20,CA,2024-12-25,Big Hero 6,2025-02-16,Inception,26,7
262,2024-03-30,US,2024-05-29,Whiplash,2025-04-08,Arrival,13,10
263,2023-07-17,US,2023-08-27,Her,2023-09-25,Get Out,22,7
264,2023-06-13,US,2024-03-24,The Revenant,2025-05-14,Whiplash,46,23
265,2023-12-23,CA,2024-07-07,Parasite,2025-03-24,Turning Red,44,13
266,2024-09-09,US,2024-09-11,Turning Red,2025-04-25,Top Gun: Maverick,5,0
267,2024-11-05,CA,2025-01-28,Big Hero 6,2025-05-22,Avengers: Endgame,49,39
268,2023-01-04,CA,2025-01-08,Turning Red,2025-03-05,Turning Red,3,2
269,2024-07-25,MX,2024-08-25,Top Gun: Maverick,2025-01-29,Knives Out,39,14
270,2024-08-08,US,2024-11-18,Arrival,2025-05-06,Top Gun: Maverick,12,2
271,2024-02-22,MX,2024-11-01,Fight Club,2025-01-05,Moonlight,35,31
272,2024-03-10,US,2024-11-28,Spider-Man: No Way Home,2025-02-01,Avengers: Endgame,33,28
273,2024-07-03,MX,2025-01-04,Her,2025-02-10,Knives Out,35,32
274,2023-01-23,US,2024-02-13,Inside Out,2024-11-21,Her,1,0
275,2024-05-13,MX,2024-09-06,Her,2025-03-30,Turning Red,49,22
276,2024-01-02,CA,2024-02-21,The Shawshank Redemption,2025-04-18,Inside Out,17,10
277,2024-02-26,MX,2024-06-30,Her,2024-10-02,Knives Out,21,9
278,2023-08-28,US,2024-09-23,The Revenant,2024-11-09,Soul,6,6
279,2024-04-28,CA,2024-06-19,Moonlight,2025-03-15,Knives Out,40,16
280,2024-08-09,US,2024-11-21,Inside Out,2025-06-29,Fight Club,43,24
281,2024-08-07,MX,2024-08-27,Fight Club,2024-10-01,Her,20,18
282,2024-10-22,US,2024-12-06,Inside Out,2024-12-27,Knives Out,27,9
283,2023-03-27,CA,2025-01-11,Arrival,2025-04-12,The Shawshank Redemption,4,0
284,2023-04-01,MX,2023-07-12,Knives Out,2023-08-29,Arrival,40,35
285,2023-09-23,CA,2024-11-10,Fight Club,2025-04-03,Arrival,15,9
286,2024-08-11,CA,2024-11-04,Turning Red,2024-12-11,Her,23,20
287,2024-02-09,MX,2024-07-11,The Revenant,2025-05-26,Turning Red,7,2
288,2024-01-31,US,2024-08-31,The Shawshank Redemption,2025-01-11,Arrival,26,15
289,2023-06-05,US,2023-10-31,Arrival,2025-05-02,Arrival,23,17
290,2024-09-18,US,2024-10-07,The Shawshank Redemption,2025-02-23,Fight Club,39,29
291,2024-10-22,US,2024-11-20,Top Gun: Maverick,2025-02-04,Parasite,43,7
292,2024-11-23,MX,2024-12-22,Big Hero 6,2025-01-11,Her,3,1
293,2023-04-30,US,2024-03-04,Soul,2024-12-06,Inside Out,3,2
294,2024-08-31,MX,2024-12-01,The Revenant,2025-06-28,Whiplash,31,26
295,2023-05-27,MX,2023-06-02,Her,2024-04-28,Get Out,27,24
296,2023-10-02,MX,2024-09-05,Parasite,2025-06-04,Spider-Man: No Way Home,46,6
297,2024-11-26,CA,2024-12-14,Her,2025-04-12,Avengers: Endgame,46,7
298,2023-07-03,US,2024-04-28,Big Hero 6,2025-05-21,Soul,2,2
299,2023-02-15,CA,2023-04-30,Fight Club,2024-06-12,Top Gun: Maverick,16,4
300,2023-04-23,CA,2024-09-13,Arrival,2025-02-20,Big Hero 6,8,6
301,2023-11-10,US,2024-10-26,Knives Out,2024-12-20,Inception,33,2
302,2023-12-21,CA,2024-10-27,The Shawshank Redemption,2025-03-16,Knives Out,30,28
303,2024-06-03,US,2024-08-28,Knives Out,2024-10-02,Moonlight,28,1
304,2024-01-23,MX,2025-01-03,Top Gun: Maverick,2025-06-05,Whiplash,47,31
305,2024-08-04,CA,2024-11-21,Top Gun: Maverick,2025-05-17,Soul,33,31
306,2023-11-21,MX,2024-09-28,Knives Out,2024-10-31,Get Out,28,8
307,2024-08-07,US,2025-01-08,Big Hero 6,2025-04-09,The Revenant,21,11
308,2024-05-16,MX,2024-12-22,Moonlight,2025-02-13,Parasite,5,1
309,2024-12-28,US,2025-01-05,Bohemian Rhapsody,2025-04-24,The Shawshank Redemption,45,3
310,2024-05-23,CA,2024-07-06,The Shawshank Redemption,2024-12-27,Arrival,3,0
311,2023-07-05,CA,2024-10-03,Moonlight,2025-01-01,Fight Club,15,2
312,2023-08-17,US,2024-06-24,Get Out,2024-12-10,Knives Out,10,7
313,2024-08-14,MX,2024-09-15,Avengers: Endgame,2025-05-11,Parasite,45,25
314,2023-02-12,US,2023-03-21,Knives Out,2023-05-01,Avengers: Endgame,31,16
315,2023-12-12,US,2023-12-24,Turning Red,2025-04-28,Bohemian Rhapsody,12,6
316,2023-01-14,MX,2024-03-15,Inception,2025-05-08,Knives Out,17,14
317,2023-09-01,CA,2024-06-03,Moonlight,2024-07-15,Inception,6,4
318,2024-07-15,MX,2024-10-18,Moonlight,2025-06-01,Get Out,45,9
319,2024-08-28,US,2024-09-21,Turning Red,2024-11-19,Fight Club,45,33
320,2024-07-24,CA,2024-12-09,Fight Club,2025-06-21,Moonlight,27,2
321,2024-03-13,MX,2024-09-02,Big Hero 6,2024-12-06,Top Gun: Maverick,34,29
322,2024-04-14,US,2024-06-19,Get Out,2025-05-10,Big Hero 6,11,8
323,2023-04-05,CA,2024-04-22,Whiplash,2024-12-29,Whiplash,21,4
324,2023-11-29,CA,2024-06-24,Turning Red,2024-06-28,Inside Out,39,5
325,2024-12-25,MX,2025-01-23,Her,2025-03-02,Turning Red,25,24
326,2023-08-22,US,2024-12-02,Arrival,2025-02-25,Bohemian Rhapsody,37,28
327,2023-06-16,CA,2024-03-27,Spider-Man: No Way Home,2025-04-05,Big Hero 6,46,5
328,2023-06-01,MX,2024-08-14,The Shawshank Redemption,2025-02-14,Inside Out,14,13
329,2023-01-04,US,2023-07-21,Parasite,2024-05-30,Top Gun: Maverick,49,9
330,2024-06-22,MX,2024-08-15,Fight Club,2025-06-03,Her,39,29
331,2024-08-30,MX,2025-01-15,Her,2025-05-23,Get Out,18,7
332,2024-08-11,MX,2024-11-22,Parasite,2025-05-19,Arrival,36,26
333,2024-09-06,CA,2025-01-26,Avengers: Endgame,2025-06-04,Inception,38,24
334,2024-02-28,US,2024-08-14,Her,2025-06-23,Whiplash,43,9
335,2023-09-27,US,2023-09-28,Inception,2024-01-30,Moonlight,6,2
336,2023-09-06,CA,2024-12-10,Knives Out,2025-01-21,Get Out,2,0
337,2023-08-20,CA,2024-06-23,Big Hero 6,2025-04-26,Arrival,48,45
338,2023-02-16,US,2023-09-02,Bohemian Rhapsody,2024-12-14,Knives Out,20,7
339,2024-01-27,US,2024-04-12,Moonlight,2024-12-18,Big Hero 6,43,27
340,2023-03-03,CA,2023-05-29,Inside Out,2025-03-10,Avengers: Endgame,11,9
341,2023-08-07,CA,2024-07-08,Whiplash,2025-06-10,Inception,19,8
342,2023-01-27,US,2023-06-25,Arrival,2025-03-29,The Shawshank Redemption,6,4
343,2024-03-30,CA,2025-01-31,The Shawshank Redemption,2025-05-25,The Revenant,34,9
344,2024-04-03,US,2024-08-28,Her,2025-06-24,Big Hero 6,39,30
345,2023-10-09,US,2024-02-17,Inside Out,2024-10-11,The Shawshank Redemption,50,43
346,2024-03-14,US,2024-03-19,Top Gun: Maverick,2025-01-17,Top Gun: Maverick,7,6
347,2023-01-23,CA,2023-06-21,Get Out,2024-03-03,Parasite,22,10
348,2023-01-07,CA,2024-05-14,Arrival,2025-05-11,Whiplash,13,7
349,2024-01-23,MX,2024-10-29,Her,2024-12-16,Turning Red,32,13
350,2023-09-03,MX,2024-12-16,Spider-Man: No Way Home,2025-02-26,Bohemian Rhapsody,23,1
351,2024-07-24,US,2024-08-03,Moonlight,2025-01-14,Spider-Man: No Way Home,9,8
352,2024-12-10,MX,2025-01-10,The Revenant,2025-05-13,Turning Red,30,9
353,2024-02-10,US,2025-01-04,Knives Out,2025-01-27,Whiplash,44,10
354,2023-06-16,MX,2023-07-17,Get Out,2023-11-04,Whiplash,3,1
355,2024-02-17,CA,2025-01-01,Inside Out,2025-03-18,Turning Red,45,34
356,2023-08-23,CA,2024-08-21,Inception,2025-06-26,Parasite,47,1
357,2023-01-13,MX,2023-11-08,The Shawshank Redemption,2024-02-29,Avengers: Endgame,16,10
358,2023-10-15,US,2024-07-16,Inception,2025-04-26,Big Hero 6,38,25
359,2023-06-20,CA,2024-06-30,Turning Red,2025-04-30,Big Hero 6,4,0
360,2024-12-06,CA,2024-12-19,Top Gun: Maverick,2025-03-26,Parasite,6,5
361,2024-10-24,CA,2024-12-19,Her,2025-06-04,Arrival,13,8
362,2023-11-20,US,2024-07-31,Turning Red,2025-04-17,The Revenant,44,40
363,2023-07-17,CA,2023-10-12,Spider-Man: No Way Home,2024-08-25,Parasite,4,1
364,2023-06-26,US,2025-01-20,Big Hero 6,2025-06-29,Turning Red,11,1
365,2024-07-05,US,2025-01-24,Inception,2025-05-15,Whiplash,5,3
366,2024-08-11,US,2024-10-27,Fight Club,2025-01-20,Whiplash,40,28
367,2023-02-02,US,2023-11-13,Big Hero 6,2024-02-02,Whiplash,19,6
368,2023-10-07,MX,2024-02-16,Arrival,2025-06-02,Knives Out,30,29
369,2023-09-11,MX,2025-01-28,Inside Out,2025-03-21,The Revenant,23,22
370,2024-01-13,US,2025-01-28,The Shawshank Redemption,2025-06-30,Her,12,8
371,2024-08-17,US,2025-01-11,Soul,2025-02-12,Bohemian Rhapsody,30,22
372,2024-06-11,CA,2024-07-08,Moonlight,2025-03-20,The Revenant,44,24
373,2024-08-16,MX,2024-10-03,Big Hero 6,2025-02-17,Knives Out,38,4
374,2023-07-29,US,2023-11-21,Inception,2024-12-14,Inception,24,19
375,2023-02-11,CA,2024-07-17,Parasite,2024-11-12,Parasite,46,0
376,2023-02-11,US,2023-07-17,The Shawshank Redemption,2025-05-28,Inside Out,1,1
377,2024-03-26,CA,2024-06-03,The Shawshank Redemption,2024-11-15,Top Gun: Maverick,4,4
378,2023-06-17,MX,2024-03-04,Her,2024-03-19,The Revenant,33,25
379,2024-03-11,CA,2025-01-07,Avengers: Endgame,2025-04-16,Inception,25,25
380,2024-09-24,CA,2024-11-17,Whiplash,2025-02-16,Get Out,26,0
381,2023-11-29,US,2024-02-17,Big Hero 6,2025-04-28,The Revenant,49,40
382,2024-06-27,MX,2024-11-28,The Revenant,2024-12-19,The Revenant,20,19
383,2023-12-22,CA,2025-01-05,Avengers: Endgame,2025-05-04,Parasite,24,13
384,2023-07-28,US,2023-10-28,Spider-Man: No Way Home,2025-06-03,Knives Out,16,14
385,2024-01-30,CA,2024-05-26,Whiplash,2024-12-12,Big Hero 6,12,8
386,2024-12-18,CA,2025-01-08,Whiplash,2025-02-15,Whiplash,35,4
387,2023-01-01,MX,2023-05-24,Her,2023-06-22,The Shawshank Redemption,36,35
388,2023-01-18,MX,2023-08-23,Big Hero 6,2025-03-22,Inside Out,14,8
389,2024-10-01,US,2024-10-31,Inception,2025-04-22,The Shawshank Redemption,27,0
390,2024-09-15,MX,2024-11-05,The Shawshank Redemption,2025-03-14,Turning Red,38,14
391,2024-03-24,CA,2024-04-18,Spider-Man: No Way Home,2025-04-03,Inside Out,12,3
392,2023-09-18,MX,2024-09-14,Fight Club,2025-01-05,Her,7,0
393,2023-12-06,CA,2024-10-16,Top Gun: Maverick,2025-04-27,Bohemian Rhapsody,37,22
394,2024-09-02,MX,2025-01-31,Top Gun: Maverick,2025-04-09,Inside Out,49,22
395,2024-06-15,MX,2024-06-20,Avengers: Endgame,2024-11-17,Big Hero 6,21,13
396,2023-02-07,CA,2024-02-20,Fight Club,2024-09-17,Top Gun: Maverick,16,3
397,2024-12-18,CA,2024-12-30,Top Gun: Maverick,2025-05-29,Arrival,42,37
398,2024-11-16,US,2025-01-18,Bohemian Rhapsody,2025-05-06,Avengers: Endgame,13,4
399,2023-05-20,CA,2024-10-28,Big Hero 6,2024-11-25,Her,1,0
400,2023-11-28,MX,2024-08-31,Inception,2025-06-30,Parasite,42,32
401,2024-01-09,MX,2024-04-27,Avengers: Endgame,2024-09-16,Whiplash,45,15
402,2023-01-21,US,2024-08-06,Inception,2024-10-08,Inception,7,4
403,2024-11-20,MX,2024-12-27,The Revenant,2025-06-29,Moonlight,28,11
404,2023-06-30,MX,2024-02-14,Whiplash,2025-01-13,Get Out,25,8
405,2024-08-10,US,2024-10-04,The Shawshank Redemption,2024-11-26,Top Gun: Maverick,26,16
406,2024-07-29,MX,2024-12-18,Knives Out,2025-06-10,Big Hero 6,39,31
407,2023-11-18,MX,2024-10-26,Inception,2025-03-13,The Revenant,26,25
408,2023-01-03,CA,2024-12-08,The Revenant,2025-01-26,Fight Club,34,23
409,2023-09-24,CA,2024-08-20,Knives Out,2025-06-29,Moonlight,45,15
410,2023-07-14,CA,2024-01-25,Top Gun: Maverick,2024-11-09,Parasite,23,10
411,2023-09-24,MX,2024-11-14,Inception,2025-04-17,Parasite,15,12
412,2024-02-11,US,2024-04-23,Bohemian Rhapsody,2024-11-19,Top Gun: Maverick,20,15
413,2023-03-06,US,2023-08-25,Her,2024-12-09,Inside Out,8,5
414,2023-02-28,CA,2024-12-03,Bohemian Rhapsody,2025-04-28,Soul,49,27
415,2024-05-19,CA,2024-07-03,Inception,2025-02-24,Moonlight,7,3
416,2024-11-12,MX,2024-12-22,Top Gun: Maverick,2025-03-06,Moonlight,47,3
417,2024-09-28,CA,2024-12-08,Get Out,2025-05-03,Soul,42,1
418,2024-10-18,US,2025-01-24,Arrival,2025-06-20,Arrival,45,43
419,2024-09-28,CA,2024-11-28,Inception,2025-04-17,Her,21,10
420,2024-02-10,CA,2024-04-18,Get Out,2024-09-26,Knives Out,4,0
421,2023-04-20,CA,2024-04-15,Arrival,2024-07-14,Fight Club,36,7
422,2024-07-30,US,2024-12-14,Avengers: Endgame,2025-04-09,Knives Out,9,8
423,2024-05-11,US,2024-10-13,Get Out,2025-03-04,Big Hero 6,31,7
424,2023-07-17,MX,2024-09-27,Inception,2025-03-16,Big Hero 6,12,5
425,2024-08-09,CA,2024-11-24,Fight Club,2025-01-30,Her,5,0
426,2023-07-13,US,2023-09-11,Moonlight,2024-09-21,Knives Out,44,27
427,2023-03-21,US,2024-09-07,Parasite,2025-03-21,Soul,45,37
428,2024-01-07,US,2024-08-25,Arrival,2024-11-23,Big Hero 6,35,14
429,2023-10-10,MX,2024-12-24,Her,2025-06-16,Big Hero 6,24,19
430,2023-02-13,MX,2023-07-17,Arrival,2025-06-06,Bohemian Rhapsody,14,9
431,2023-01-09,CA,2023-06-17,Her,2024-01-18,Her,45,33
432,2023-09-16,US,2023-12-25,Big Hero 6,2024-04-16,Inside Out,11,7
433,2024-04-19,US,2024-06-27,Knives Out,2025-06-29,Big Hero 6,40,17
434,2024-03-17,MX,2024-09-15,Parasite,2024-10-16,The Shawshank Redemption,19,15
435,2024-06-12,MX,2024-06-30,Parasite,2024-06-30,Arrival,31,5
436,2024-09-27,MX,2024-12-15,The Shawshank Redemption,2025-04-05,Moonlight,37,6
437,2023-06-17,MX,2024-03-09,The Shawshank Redemption,2025-04-01,Inside Out,32,8
438,2024-05-06,CA,2024-06-17,Parasite,2024-07-17,Inception,28,16
439,2023-07-01,CA,2024-03-16,Spider-Man: No Way Home,2025-06-30,Bohemian Rhapsody,45,14
440,2023-01-07,US,2023-08-31,The Shawshank Redemption,2023-10-30,Turning Red,24,2
441,2023-05-01,US,2024-03-16,Parasite,2025-02-10,Big Hero 6,26,19
442,2024-06-02,US,2024-10-18,Bohemian Rhapsody,2024-11-25,Top Gun: Maverick,42,14
443,2024-06-22,MX,2024-10-20,Get Out,2024-12-30,Bohemian Rhapsody,39,5
444,2023-05-03,CA,2024-01-08,Arrival,2024-02-13,Turning Red,47,21
445,2024-03-26,CA,2024-05-22,Fight Club,2025-01-28,Knives Out,1,0
446,2023-12-10,CA,2024-03-22,Turning Red,2025-02-23,The Shawshank Redemption,17,2
447,2024-01-21,CA,2024-09-14,Arrival,2025-06-25,Moonlight,11,5
448,2024-06-26,US,2025-01-19,Fight Club,2025-06-22,Parasite,13,0
449,2023-10-12,US,2024-12-20,The Revenant,2025-04-10,Avengers: Endgame,20,7
450,2024-03-14,MX,2024-07-15,Soul,2025-02-26,The Shawshank Redemption,30,7
451,2024-04-13,US,2024-11-21,The Shawshank Redemption,2025-06-22,Turning Red,17,6
452,2023-07-24,CA,2024-12-03,Knives Out,2024-12-19,Fight Club,42,15
453,2024-11-28,MX,2024-12-22,Whiplash,2025-04-13,Whiplash,35,10
454,2024-03-17,CA,2024-05-15,Turning Red,2024-12-09,Parasite,13,1
455,2024-06-21,MX,2024-07-31,Whiplash,2025-06-18,The Revenant,28,18
456,2024-09-08,US,2025-01-18,Spider-Man: No Way Home,2025-05-20,Knives Out,15,2
457,2023-09-02,CA,2024-02-21,Inception,2024-12-03,Her,21,13
458,2024-01-30,CA,2024-02-12,Arrival,2024-07-08,Moonlight,34,27
459,2023-02-18,CA,2024-09-13,Her,2025-05-25,Inception,22,21
460,2024-04-18,CA,2024-08-02,Inception,2025-05-26,Moonlight,17,17
461,2023-02-09,CA,2023-03-30,Moonlight,2025-06-16,Fight Club,28,14
462,2023-12-24,MX,2024-03-16,Big Hero 6,2024-04-30,Bohemian Rhapsody,25,7
463,2024-05-08,US,2024-11-15,Moonlight,2024-12-07,Moonlight,3,1
464,2024-12-30,MX,2025-01-02,Get Out,2025-06-24,Turning Red,23,20
465,2024-11-17,MX,2025-01-15,Moonlight,2025-04-25,Her,18,0
466,2023-02-14,CA,2024-04-14,Whiplash,2024-11-14,Inside Out,30,16
467,2023-07-02,CA,2023-08-15,Inside Out,2023-08-28,Inception,24,18
468,2023-03-30,CA,2024-11-18,Fight Club,2025-04-20,Whiplash,5,3
469,2023-11-05,MX,2024-11-17,Soul,2025-03-20,The Revenant,17,1
470,2024-09-06,MX,2024-09-09,Avengers: Endgame,2024-09-09,Parasite,45,41
471,2023-09-05,CA,2024-04-06,Spider-Man: No Way Home,2024-05-31,Her,23,18
472,2023-02-16,CA,2023-05-05,Her,2023-08-31,Inception,1,1
473,2024-10-11,US,2024-11-05,Fight Club,2025-01-12,Spider-Man: No Way Home,32,2
474,2024-07-14,CA,2024-08-10,Top Gun: Maverick,2024-10-17,The Shawshank Redemption,11,8
475,2024-07-04,MX,2024-10-28,The Revenant,2025-02-22,Arrival,14,6
476,2024-06-26,US,2024-08-15,Turning Red,2025-05-09,The Shawshank Redemption,33,20
477,2024-10-11,US,2024-11-17,Whiplash,2025-01-12,Fight Club,45,42
478,2024-09-29,US,2025-01-09,Soul,2025-04-10,The Shawshank Redemption,20,10
479,2024-08-23,CA,2024-09-20,Inception,2024-11-03,Inside Out,18,0
480,2023-02-06,CA,2024-02-20,Knives Out,2025-05-21,Whiplash,20,2
481,2023-12-29,MX,2024-12-03,Bohemian Rhapsody,2025-01-05,Parasite,4,4
482,2023-07-26,MX,2023-12-12,Inception,2025-05-03,Spider-Man: No Way Home,7,2
483,2024-08-13,CA,2024-11-09,Spider-Man: No Way Home,2025-03-14,Inside Out,23,3
484,2024-09-13,US,2025-01-27,Bohemian Rhapsody,2025-02-06,Her,35,18
485,2023-12-22,CA,2025-01-10,Spider-Man: No Way Home,2025-02-01,The Shawshank Redemption,13,12
486,2023-12-17,US,2024-07-31,Bohemian Rhapsody,2025-04-27,Get Out,44,23
487,2024-03-10,US,2024-08-16,Inside Out,2025-03-07,Spider-Man: No Way Home,47,36
488,2023-09-01,US,2024-07-14,Inception,2024-07-29,Parasite,44,44
489,2023-03-20,US,2023-07-24,Knives Out,2024-08-24,The Revenant,20,16
490,2023-05-24,US,2023-08-30,The Shawshank Redemption,2025-01-06,Top Gun: Maverick,36,19
491,2023-04-25,CA,2023-07-10,Moonlight,2024-09-23,Big Hero 6,20,9
492,2024-09-14,US,2024-12-26,Knives Out,2025-04-04,Fight Club,19,9
493,2024-08-11,MX,2024-12-30,Moonlight,2025-03-31,Get Out,45,8
494,2024-09-24,MX,2024-12-18,The Revenant,2025-04-26,The Shawshank Redemption,47,25
495,2023-05-27,CA,2024-06-03,The Shawshank Redemption,2024-06-09,Knives Out,43,1
496,2024-08-03,CA,2024-10-06,Avengers: Endgame,2025-04-09,Turning Red,46,42
497,2023-06-28,US,2024-10-04,Inception,2025-03-07,Moonlight,40,28
498,2024-08-07,MX,2024-12-10,Turning Red,2025-03-02,Inception,38,1
499,2023-05-02,CA,2024-09-08,The Shawshank Redemption,2024-12-16,Whiplash,46,43
500,2024-08-20,MX,2025-01-12,Whiplash,2025-03-30,Turning Red,49,19
501,2024-11-23,MX,2024-12-30,Spider-Man: No Way Home,2025-01-21,Bohemian Rhapsody,35,26
502,2024-06-11,MX,2024-07-06,Soul,2025-02-03,The Revenant,23,15
503,2023-09-20,MX,2024-03-31,The Revenant,2025-01-02,Parasite,2,2
504,2023-05-25,CA,2024-03-21,Top Gun: Maverick,2024-11-14,Fight Club,19,15
505,2024-04-11,US,2024-05-03,Whiplash,2024-12-16,Turning Red,39,30
506,2024-02-03,US,2024-07-25,Arrival,2025-03-23,Turning Red,2,0
507,2023-12-24,CA,2024-05-31,The Revenant,2024-09-30,Big Hero 6,42,15
508,2023-10-14,US,2024-02-21,Turning Red,2024-02-23,Arrival,2,2
509,2024-06-27,MX,2024-08-27,Spider-Man: No Way Home,2025-02-16,Arrival,23,16
510,2023-12-02,MX,2023-12-09,The Revenant,2025-01-08,Her,10,8
511,2023-08-09,US,2024-08-22,Moonlight,2025-03-13,Turning Red,35,0
512,2023-03-27,MX,2023-08-19,Soul,2024-07-17,Spider-Man: No Way Home,4,2
513,2024-10-06,CA,2024-11-11,Get Out,2025-03-19,Big Hero 6,8,3
514,2024-12-15,MX,2025-01-08,Moonlight,2025-04-24,Get Out,49,27
515,2023-07-22,US,2024-08-28,Knives Out,2025-04-12,Her,45,41
516,2024-12-01,MX,2024-12-09,Inside Out,2025-06-14,Parasite,48,25
517,2024-12-03,MX,2025-01-11,Bohemian Rhapsody,2025-03-09,Spider-Man: No Way Home,7,6
518,2024-03-10,MX,2024-08-29,Moonlight,2024-10-24,The Shawshank Redemption,39,7
519,2023-08-08,CA,2024-11-01,Big Hero 6,2025-06-07,Get Out,17,9
520,2023-04-09,US,2024-10-11,Top Gun: Maverick,2025-01-23,Big Hero 6,43,33
521,2024-05-04,US,2025-01-09,Inception,2025-06-21,Inception,9,2
522,2024-10-23,MX,2024-11-30,Spider-Man: No Way Home,2025-05-02,Big Hero 6,45,17
523,2024-10-29,MX,2024-12-24,Knives Out,2025-03-01,Spider-Man: No Way Home,37,36
524,2023-03-07,CA,2023-09-18,Moonlight,2023-10-13,The Revenant,39,14
525,2023-07-11,CA,2024-02-29,Turning Red,2024-05-25,Avengers: Endgame,5,5
526,2024-01-31,US,2024-05-10,Bohemian Rhapsody,2025-05-22,Spider-Man: No Way Home,29,8
527,2024-06-06,CA,2024-11-10,Avengers: Endgame,2025-04-24,Spider-Man: No Way Home,42,25
528,2024-03-12,MX,2024-04-20,Spider-Man: No Way Home,2025-06-26,Fight Club,35,16
529,2024-02-27,US,2024-11-29,The Revenant,2025-06-09,Bohemian Rhapsody,11,3
530,2023-07-12,CA,2024-11-25,Knives Out,2025-03-09,Arrival,50,29
531,2023-06-27,US,2023-09-20,Inception,2025-05-24,Fight Club,10,4
532,2023-11-09,MX,2024-09-19,Get Out,2025-01-26,The Shawshank Redemption,40,25
533,2024-08-12,CA,2024-10-20,Soul,2025-02-10,Turning Red,13,3
534,2024-03-04,MX,2024-06-12,Turning Red,2024-11-27,Whiplash,21,5
535,2023-07-25,CA,2024-05-24,Get Out,2024-08-17,Top Gun: Maverick,47,4
536,2024-09-24,MX,2024-12-24,Avengers: Endgame,2025-01-10,Avengers: Endgame,16,15
537,2023-05-26,MX,2024-11-08,Soul,2025-01-18,Avengers: Endgame,27,2
538,2024-01-29,US,2024-04-05,Arrival,2024-07-11,Her,22,20
539,2024-05-03,US,2024-11-17,Avengers: Endgame,2025-05-15,Moonlight,44,25
540,2023-01-01,US,2023-12-27,Inside Out,2025-03-31,Big Hero 6,3,0
541,2024-02-05,US,2024-08-25,Turning Red,2025-06-30,The Revenant,8,8
542,2024-06-30,CA,2024-09-24,Fight Club,2025-03-16,Parasite,28,5
543,2024-12-12,MX,2025-01-17,Spider-Man: No Way Home,2025-06-22,Soul,26,14
544,2024-06-26,CA,2024-12-16,Get Out,2025-06-25,Inside Out,24,12
545,2023-05-09,MX,2025-01-28,Big Hero 6,2025-06-05,Fight Club,35,27
546,2024-05-02,CA,2024-06-10,Fight Club,2025-04-20,Fight Club,14,2
547,2023-05-22,CA,2023-12-18,Top Gun: Maverick,2024-03-22,Turning Red,10,5
548,2023-04-30,MX,2023-06-11,Whiplash,2023-10-22,Bohemian Rhapsody,25,25
549,2024-04-19,US,2024-10-14,Soul,2025-01-01,Turning Red,43,27
550,2023-03-31,MX,2023-04-17,Parasite,2024-08-21,Spider-Man: No Way Home,28,9
551,2023-03-22,MX,2023-06-21,Big Hero 6,2024-07-20,Turning Red,32,28
552,2024-02-19,CA,2024-10-05,Get Out,2024-10-31,Her,42,34
553,2023-01-21,CA,2024-11-17,Knives Out,2025-03-08,Big Hero 6,32,32
554,2023-05-14,MX,2024-09-24,The Shawshank Redemption,2024-09-26,Spider-Man: No Way Home,28,27
555,2024-05-16,MX,2024-07-21,The Revenant,2025-05-17,Inception,11,5
556,2024-01-26,US,2024-10-11,Inside Out,2025-06-29,The Revenant,24,18
557,2023-11-09,MX,2024-01-09,Her,2024-10-20,Turning Red,14,12
558,2024-12-17,US,2025-01-31,Get Out,2025-02-12,Arrival,1,1
559,2023-10-12,US,2024-07-02,Fight Club,2024-08-30,Moonlight,29,3
560,2024-04-05,MX,2024-08-19,Top Gun: Maverick,2025-01-25,Soul,25,14
561,2024-10-06,CA,2024-10-28,Knives Out,2025-06-04,Parasite,22,16
562,2023-04-13,US,2023-07-28,Inside Out,2025-02-04,The Shawshank Redemption,45,12
563,2024-11-26,CA,2025-01-02,Get Out,2025-03-14,Whiplash,35,19
564,2023-07-29,US,2023-12-07,Arrival,2024-01-30,Her,4,4
565,2024-06-27,US,2024-12-22,Bohemian Rhapsody,2025-05-11,Inside Out,11,6
566,2024-06-11,US,2024-07-27,Turning Red,2024-09-26,Soul,22,22
567,2023-09-24,US,2024-09-06,Spider-Man: No Way Home,2025-05-26,Get Out,32,22
568,2024-05-10,MX,2024-08-07,Get Out,2025-05-26,Top Gun: Maverick,9,3
569,2024-06-13,US,2024-09-28,Moonlight,2024-12-04,Inside Out,46,17
570,2024-11-26,CA,2025-01-13,Bohemian Rhapsody,2025-02-08,Get Out,48,33
571,2023-06-12,CA,2024-09-27,Arrival,2025-05-09,The Revenant,29,4
572,2023-10-18,CA,2025-01-27,Bohemian Rhapsody,2025-05-30,Get Out,34,31
573,2024-07-15,CA,2025-01-12,Big Hero 6,2025-06-16,Bohemian Rhapsody,9,5
574,2024-07-31,US,2024-11-21,Turning Red,2025-02-10,Knives Out,13,8
575,2024-01-01,US,2024-02-11,Big Hero 6,2025-01-15,Whiplash,33,25
576,2024-10-28,US,2024-12-12,Spider-Man: No Way Home,2025-02-23,Parasite,37,10
577,2023-07-14,MX,2024-10-20,The Shawshank Redemption,2025-04-10,Top Gun: Maverick,29,16
578,2024-10-12,US,2024-10-18,Get Out,2025-03-22,Big Hero 6,2,0
579,2023-05-13,CA,2024-01-22,Arrival,2024-07-14,Parasite,14,8
580,2023-09-18,US,2024-08-22,Knives Out,2025-06-14,Inception,4,4
581,2023-11-16,US,2024-09-08,Big Hero 6,2024-12-06,Big Hero 6,22,0
582,2024-10-27,CA,2024-11-23,Knives Out,2024-12-08,Parasite,35,22
583,2024-01-02,MX,2024-01-12,Soul,2024-12-27,Inception,29,28
584,2023-02-25,US,2023-06-04,Knives Out,2024-04-20,Her,35,12
585,2024-01-27,CA,2024-11-18,Moonlight,2025-06-21,The Revenant,47,47
586,2024-09-19,US,2024-09-29,Moonlight,2025-01-23,Turning Red,40,36
587,2023-02-09,MX,2024-09-03,Turning Red,2025-05-26,Inception,31,10
588,2024-05-05,CA,2024-07-26,Avengers: Endgame,2025-01-08,Parasite,10,8
589,2023-06-29,MX,2023-09-12,The Shawshank Redemption,2023-11-12,Big Hero 6,48,30
590,2023-10-01,US,2024-09-08,The Revenant,2025-06-06,Big Hero 6,24,20
591,2023-08-20,US,2024-12-28,Whiplash,2025-01-28,Moonlight,15,11
592,2024-02-21,US,2024-03-28,Whiplash,2025-04-01,Knives Out,7,3
593,2023-09-15,MX,2023-11-23,The Shawshank Redemption,2024-04-18,Knives Out,27,11
594,2024-06-22,MX,2024-11-23,Bohemian Rhapsody,2025-06-22,Knives Out,48,30
595,2024-07-11,MX,2024-08-31,The Revenant,2024-12-09,Bohemian Rhapsody,13,10
596,2024-11-15,US,2024-11-21,Bohemian Rhapsody,2025-01-05,Inception,2,2
597,2023-12-18,CA,2024-03-19,Inception,2024-05-30,Whiplash,7,2
598,2024-12-12,CA,2024-12-18,Moonlight,2025-04-10,Parasite,27,22
599,2023-11-02,US,2023-12-19,Whiplash,2024-02-22,Get Out,42,18
600,2024-07-07,MX,2024-09-30,Fight Club,2025-06-20,Moonlight,37,3
601,2023-04-08,MX,2024-02-12,Moonlight,2025-01-01,Inception,29,6
602,2024-10-09,US,2024-12-27,The Revenant,2025-04-11,Knives Out,41,19
603,2024-06-17,US,2024-06-24,Bohemian Rhapsody,2025-01-03,Soul,30,2
604,2024-01-18,MX,2024-10-06,The Revenant,2024-10-28,Parasite,37,10
605,2024-01-17,US,2024-03-11,Whiplash,2024-11-09,Arrival,42,25
606,2023-02-21,US,2023-11-14,Arrival,2024-10-14,Big Hero 6,45,41
607,2023-12-12,MX,2024-10-08,Whiplash,2024-12-07,Her,12,12
608,2024-03-24,US,2024-05-06,Her,2025-04-03,Big Hero 6,4,1
609,2023-02-08,US,2024-04-10,Avengers: Endgame,2024-07-01,Inception,35,13
610,2023-05-02,MX,2024-08-04,Inside Out,2025-03-14,Her,24,6
611,2024-10-31,MX,2025-01-10,Bohemian Rhapsody,2025-03-03,Soul,14,5
612,2024-09-05,US,2025-01-16,Inception,2025-03-23,The Shawshank Redemption,18,15
613,2023-05-31,MX,2023-09-02,The Revenant,2025-01-23,Top Gun: Maverick,7,1
614,2024-11-14,US,2024-12-26,Top Gun: Maverick,2025-04-01,Her,14,0
615,2023-10-19,MX,2024-01-17,Her,2025-01-25,Fight Club,8,2
616,2024-10-28,US,2024-12-24,Big Hero 6,2025-01-04,Fight Club,41,16
617,2023-11-23,US,2025-01-10,Parasite,2025-04-01,The Revenant,22,3
618,2024-09-14,MX,2024-12-13,Inside Out,2025-03-24,Her,21,1
619,2023-02-25,CA,2024-01-21,Get Out,2025-06-08,The Shawshank Redemption,47,36
620,2024-04-27,MX,2024-12-24,Whiplash,2025-03-09,Avengers: Endgame,7,2
621,2024-03-23,US,2024-10-22,Whiplash,2025-03-05,The Revenant,43,32
622,2024-03-09,CA,2024-10-16,Fight Club,2025-06-14,The Revenant,34,27
623,2023-07-28,US,2024-09-10,Top Gun: Maverick,2025-06-24,The Revenant,17,16
624,2024-09-01,CA,2024-11-11,Inside Out,2025-03-20,Whiplash,27,20
625,2023-02-28,US,2024-08-11,The Revenant,2024-12-02,Whiplash,12,7
626,2023-05-23,MX,2023-07-07,The Shawshank Redemption,2024-08-04,Her,23,15
627,2023-10-09,US,2023-12-12,Bohemian Rhapsody,2024-10-12,Top Gun: Maverick,45,2
628,2024-04-07,CA,2024-07-28,The Shawshank Redemption,2025-06-09,Knives Out,4,0
629,2024-09-28,CA,2024-10-06,Arrival,2025-05-20,Avengers: Endgame,33,1
630,2023-02-25,US,2024-09-15,Whiplash,2025-05-10,Whiplash,30,14
631,2023-04-01,MX,2024-11-26,Moonlight,2025-06-15,Avengers: Endgame,31,9
632,2023-06-11,US,2024-05-05,Spider-Man: No Way Home,2024-10-02,Get Out,12,12
633,2024-06-28,MX,2024-11-16,Parasite,2025-02-28,Inside Out,21,5
634,2023-08-23,US,2025-01-30,Arrival,2025-03-29,The Shawshank Redemption,8,1
635,2023-08-11,CA,2024-09-06,Get Out,2025-03-21,Inception,43,35
636,2023-11-30,CA,2025-01-06,The Shawshank Redemption,2025-06-03,Turning Red,49,17
637,2023-04-30,US,2023-06-09,Moonlight,2024-08-17,Inception,24,21
638,2023-06-19,CA,2023-06-22,Knives Out,2024-04-04,Moonlight,6,0
639,2023-07-17,CA,2024-08-14,Whiplash,2024-10-10,Arrival,2,2
640,2023-11-05,MX,2024-02-16,Turning Red,2024-08-31,Bohemian Rhapsody,22,2
641,2024-08-30,MX,2024-11-03,Parasite,2025-05-09,Arrival,10,2
642,2024-11-18,MX,2024-12-19,Top Gun: Maverick,2025-04-24,The Shawshank Redemption,45,26
643,2024-05-09,US,2024-11-21,Avengers: Endgame,2024-12-20,Soul,1,0
644,2024-10-17,CA,2024-12-31,Inception,2025-04-16,Moonlight,23,16
645,2024-12-20,MX,2025-01-29,Big Hero 6,2025-04-25,Big Hero 6,33,18
646,2024-08-27,MX,2025-01-07,Parasite,2025-05-19,Get Out,27,22
647,2024-07-04,CA,2024-07-06,Knives Out,2025-05-17,Soul,10,9
648,2023-03-05,US,2023-03-31,Her,2023-08-08,Bohemian Rhapsody,13,11
649,2024-02-21,CA,2025-01-26,Moonlight,2025-04-25,Top Gun: Maverick,42,40
650,2023-07-21,MX,2024-01-09,Turning Red,2025-06-10,Inception,47,21
651,2023-12-28,MX,2025-01-11,Avengers: Endgame,2025-05-11,Knives Out,17,0
652,2023-08-15,MX,2024-04-15,Avengers: Endgame,2025-05-03,Arrival,26,24
653,2023-08-23,US,2024-12-06,The Shawshank Redemption,2025-02-06,The Shawshank Redemption,36,22
654,2023-09-10,MX,2024-03-21,Inside Out,2024-11-29,Arrival,34,28
655,2024-01-25,US,2024-11-01,Soul,2025-06-27,Turning Red,25,10
656,2023-01-21,CA,2024-04-21,Her,2025-04-18,Top Gun: Maverick,32,11
657,2023-05-30,US,2024-11-13,Top Gun: Maverick,2025-01-27,Get Out,15,11
658,2024-07-22,CA,2025-01-14,Get Out,2025-03-07,Turning Red,7,7
659,2024-05-03,US,2024-10-26,Moonlight,2025-06-02,Bohemian Rhapsody,49,6
660,2024-12-06,CA,2025-01-06,Arrival,2025-03-29,The Shawshank Redemption,12,4
661,2023-07-25,CA,2023-12-22,Whiplash,2024-09-08,Soul,37,30
662,2023-11-19,MX,2024-12-23,Turning Red,2025-05-06,Get Out,30,5
663,2024-09-11,US,2025-01-15,Turning Red,2025-02-11,Fight Club,18,11
664,2024-03-19,US,2024-11-10,Fight Club,2024-11-28,Moonlight,7,0
665,2023-01-10,MX,2024-05-02,Inside Out,2025-03-31,Moonlight,8,6
666,2024-12-18,MX,2025-01-28,Turning Red,2025-04-15,Parasite,22,5
667,2024-03-28,MX,2024-04-02,Avengers: Endgame,2024-08-14,The Revenant,2,0
668,2023-05-20,US,2024-10-11,Her,2025-05-24,Fight Club,37,0
669,2023-08-04,US,2024-07-23,Avengers: Endgame,2024-09-16,Inception,41,35
670,2023-06-22,MX,2023-12-02,Knives Out,2025-03-08,Big Hero 6,47,11
671,2023-09-09,CA,2024-11-16,Get Out,2024-11-17,Bohemian Rhapsody,5,4
672,2024-01-10,CA,2024-01-22,The Revenant,2024-11-16,Her,21,14
673,2023-04-23,US,2024-12-26,Her,2025-04-16,Arrival,39,31
674,2024-09-15,US,2024-10-10,Moonlight,2025-04-21,Whiplash,44,7
675,2023-02-10,MX,2024-12-19,Whiplash,2025-02-26,Soul,33,14
676,2024-01-12,MX,2024-12-23,Fight Club,2025-06-04,Bohemian Rhapsody,36,10
677,2023-10-07,US,2024-11-11,Turning Red,2025-04-26,Whiplash,8,5
678,2024-02-07,US,2024-02-09,Big Hero 6,2024-05-24,Knives Out,4,1
679,2024-03-20,MX,2024-11-01,Inception,2025-02-20,Get Out,46,38
680,2023-12-21,MX,2024-09-03,Whiplash,2025-05-18,Turning Red,38,12
681,2023-09-23,US,2024-09-04,Knives Out,2024-10-21,Avengers: Endgame,5,4
682,2024-02-15,MX,2024-04-07,Knives Out,2024-11-01,Avengers: Endgame,8,8
683,2024-02-12,US,2024-08-06,Her,2025-06-15,Avengers: Endgame,11,1
684,2024-06-07,CA,2024-11-09,Moonlight,2025-02-09,Her,34,19
685,2023-04-25,US,2024-12-19,Knives Out,2025-06-20,Get Out,2,2
686,2024-04-19,CA,2024-07-01,Big Hero 6,2025-05-08,Soul,48,24
687,2023-12-23,MX,2024-02-18,Inception,2024-04-23,Knives Out,7,2
688,2024-08-28,CA,2025-01-23,Knives Out,2025-03-18,Spider-Man: No Way Home,27,26
689,2024-04-27,MX,2024-05-30,Parasite,2024-06-21,Moonlight,20,1
690,2024-10-17,US,2025-01-15,Top Gun: Maverick,2025-02-19,Knives Out,44,21
691,2023-12-04,US,2024-07-01,Big Hero 6,2024-12-25,Fight Club,4,2
692,2024-08-01,MX,2024-10-23,Knives Out,2025-04-27,Turning Red,13,6
693,2024-09-02,MX,2024-09-17,Moonlight,2025-03-19,Inception,14,13
694,2024-08-29,CA,2024-10-30,Big Hero 6,2025-04-08,Whiplash,32,23
695,2024-03-19,CA,2024-06-20,Arrival,2024-09-07,Arrival,37,8
696,2024-07-08,MX,2024-10-02,Spider-Man: No Way Home,2024-11-21,The Revenant,49,3
697,2023-02-16,CA,2024-02-25,Spider-Man: No Way Home,2025-06-18,Spider-Man: No Way Home,11,2
698,2024-05-01,US,2024-05-21,Knives Out,2024-09-01,Get Out,8,4
699,2024-07-05,CA,2025-01-24,Get Out,2025-05-29,Whiplash,22,18
700,2023-03-08,MX,2024-08-12,Inception,2025-05-03,Moonlight,44,39
701,2023-11-02,US,2024-05-01,Turning Red,2025-04-20,Big Hero 6,4,0
702,2023-09-28,MX,2024-07-19,Her,2025-05-31,Inception,49,32
703,2024-04-10,US,2025-01-25,Knives Out,2025-06-22,Big Hero 6,17,11
704,2023-08-05,MX,2024-07-21,The Shawshank Redemption,2024-12-01,Soul,41,21
705,2024-06-03,MX,2024-11-13,Arrival,2025-01-17,The Shawshank Redemption,47,24
706,2023-01-14,MX,2024-09-14,Get Out,2024-12-11,The Revenant,37,31
707,2024-04-26,US,2024-11-18,Whiplash,2025-05-24,Top Gun: Maverick,8,7
708,2023-09-15,US,2024-12-27,Bohemian Rhapsody,2025-01-04,The Shawshank Redemption,15,12
709,2023-06-20,CA,2024-08-09,Her,2025-06-13,Avengers: Endgame,35,23
710,2023-02-25,US,2024-11-26,Inside Out,2025-03-24,Moonlight,43,10
711,2024-04-15,US,2024-06-04,Spider-Man: No Way Home,2024-08-10,Inception,36,29
712,2023-06-24,US,2023-11-16,Bohemian Rhapsody,2025-03-05,Bohemian Rhapsody,8,6
713,2024-01-21,US,2024-11-18,Get Out,2024-11-22,Soul,9,6
714,2023-06-11,US,2024-12-04,Parasite,2025-05-27,Inside Out,37,28
715,2024-01-14,CA,2025-01-22,Her,2025-03-03,The Revenant,32,16
716,2024-03-27,US,2024-08-24,Whiplash,2025-01-02,Turning Red,24,6
717,2024-07-15,MX,2024-08-06,Big Hero 6,2025-04-20,Avengers: Endgame,26,18
718,2023-06-20,CA,2023-09-30,Inception,2025-03-12,Arrival,21,8
719,2023-12-02,US,2024-12-06,Inside Out,2025-02-28,Inception,47,36
720,2023-06-02,MX,2023-12-09,Whiplash,2024-07-28,Knives Out,31,6
721,2024-02-27,CA,2024-11-05,Whiplash,2025-02-26,Spider-Man: No Way Home,5,4
722,2023-06-16,CA,2023-11-11,Big Hero 6,2025-05-27,Inside Out,8,8
723,2023-03-16,US,2024-01-14,Top Gun: Maverick,2025-05-25,Fight Club,37,27
724,2024-06-30,CA,2024-12-17,Inception,2025-03-09,Moonlight,27,0
725,2023-12-01,US,2024-05-18,Fight Club,2025-01-14,Inception,40,13
726,2023-12-26,US,2024-01-01,Soul,2024-09-07,Top Gun: Maverick,28,25
727,2024-09-13,CA,2024-12-20,Soul,2025-04-23,Inside Out,36,5
728,2024-07-19,US,2024-09-15,Moonlight,2025-03-09,The Shawshank Redemption,44,24
729,2024-12-28,MX,2025-01-23,Soul,2025-03-10,Turning Red,42,15
730,2023-12-25,US,2024-07-09,Big Hero 6,2025-05-28,Whiplash,39,10
731,2023-01-29,CA,2024-03-16,Soul,2024-05-18,Inception,43,16
732,2023-07-08,CA,2023-07-29,Inception,2024-04-18,Turning Red,40,15
733,2023-01-23,US,2023-07-02,Her,2023-08-02,Get Out,49,15
734,2024-06-06,CA,2024-08-31,Inside Out,2024-11-21,Avengers: Endgame,14,4
735,2024-01-03,CA,2024-03-12,Soul,2024-11-15,Top Gun: Maverick,8,6
736,2024-03-30,US,2024-04-05,Soul,2024-11-15,Inside Out,39,0
737,2023-04-23,MX,2024-01-23,The Shawshank Redemption,2024-03-15,The Shawshank Redemption,15,3
738,2024-11-21,CA,2024-11-21,Arrival,2025-05-27,Whiplash,49,31
739,2023-06-14,MX,2023-08-04,Fight Club,2025-05-24,Her,40,7
740,2023-10-23,CA,2024-09-21,Spider-Man: No Way Home,2025-04-01,Inside Out,12,6
741,2024-04-10,MX,2024-07-17,Bohemian Rhapsody,2024-11-17,Fight Club,2,1
742,2024-09-20,MX,2025-01-18,Inside Out,2025-03-31,Inception,11,11
743,2023-01-23,MX,2023-10-26,Get Out,2025-01-31,Top Gun: Maverick,31,28
744,2023-07-01,US,2024-09-26,Soul,2025-04-30,Moonlight,24,6
745,2023-04-21,MX,2024-10-08,Spider-Man: No Way Home,2024-10-10,Parasite,23,8
746,2024-03-05,US,2024-10-02,Soul,2025-01-28,Fight Club,24,2
747,2024-07-09,MX,2024-07-13,Big Hero 6,2025-04-25,Spider-Man: No Way Home,41,18
748,2024-11-16,CA,2025-01-09,Turning Red,2025-04-12,Big Hero 6,10,7
749,2024-01-23,CA,2024-11-10,Inside Out,2025-01-29,Fight Club,48,18
750,2024-03-24,MX,2024-09-19,The Shawshank Redemption,2025-05-22,Inception,9,3
751,2024-10-16,MX,2024-12-16,Her,2025-02-22,Soul,6,4
752,2024-02-23,US,2024-12-01,Inception,2025-05-17,Inside Out,23,9
753,2023-09-26,US,2024-07-14,Fight Club,2025-02-17,The Revenant,25,22
754,2024-07-24,CA,2024-11-10,Bohemian Rhapsody,2024-11-14,Top Gun: Maverick,38,25
755,2024-08-12,MX,2024-10-25,Whiplash,2025-06-03,Her,14,11
756,2023-05-08,US,2024-11-26,Top Gun: Maverick,2025-01-08,Arrival,50,32
757,2023-10-17,MX,2024-03-07,The Revenant,2024-12-01,Moonlight,8,5
758,2023-03-29,US,2024-09-29,Her,2024-11-30,The Shawshank Redemption,4,4
759,2023-06-15,CA,2024-09-06,Parasite,2025-01-20,Spider-Man: No Way Home,25,2
760,2023-01-02,CA,2024-08-04,Whiplash,2024-11-30,Spider-Man: No Way Home,25,15
761,2023-06-14,US,2024-02-14,Turning Red,2024-05-10,The Shawshank Redemption,46,2
762,2023-03-01,US,2024-08-26,Soul,2024-12-24,Big Hero 6,34,27
763,2024-09-24,CA,2024-10-28,Spider-Man: No Way Home,2025-01-02,Turning Red,32,11
764,2024-03-25,MX,2024-11-18,Knives Out,2025-03-11,Whiplash,9,3
765,2023-04-30,MX,2023-10-13,Her,2024-07-11,Soul,7,5
766,2024-02-17,MX,2024-12-16,Turning Red,2025-01-24,Big Hero 6,48,19
767,2023-10-01,MX,2025-01-19,Inception,2025-03-25,Spider-Man: No Way Home,24,5
768,2024-10-24,CA,2025-01-19,Fight Club,2025-03-23,Parasite,43,32
769,2024-11-19,MX,2025-01-09,Turning Red,2025-05-25,Soul,43,7
770,2024-01-21,MX,2024-02-12,The Revenant,2024-10-07,Inside Out,49,4
771,2024-03-20,MX,2024-09-30,Inside Out,2025-05-04,Spider-Man: No Way Home,49,49
772,2023-12-20,US,2024-11-26,Avengers: Endgame,2025-02-22,Inception,50,42
773,2023-05-11,MX,2023-12-17,Fight Club,2024-07-24,Inception,44,36
774,2023-04-12,MX,2023-11-16,Arrival,2024-06-24,Knives Out,30,4
775,2023-01-20,CA,2024-02-16,Fight Club,2024-10-31,Avengers: Endgame,21,4
776,2023-02-05,MX,2024-12-01,Spider-Man: No Way Home,2025-03-24,Whiplash,12,10
777,2023-03-15,CA,2023-04-09,The Revenant,2025-01-15,Top Gun: Maverick,10,8
778,2024-08-22,MX,2025-01-24,Inception,2025-06-21,Soul,21,1
779,2023-08-27,CA,2024-09-20,Knives Out,2024-10-26,Bohemian Rhapsody,24,5
780,2024-08-03,US,2024-12-24,Avengers: Endgame,2025-02-05,Inception,13,13
781,2023-08-18,US,2023-09-27,Knives Out,2023-12-05,Fight Club,39,28
782,2023-01-19,CA,2023-11-19,Bohemian Rhapsody,2024-10-28,Arrival,20,20
783,2024-12-06,MX,2025-01-01,Knives Out,2025-05-07,Inside Out,17,8
784,2024-12-15,US,2025-01-22,Get Out,2025-02-22,Avengers: Endgame,11,3
785,2023-08-25,US,2024-05-31,Her,2024-10-16,Inception,45,16
786,2023-10-21,US,2024-06-16,Her,2024-10-19,The Revenant,32,13
787,2024-11-16,MX,2024-12-11,The Revenant,2025-04-20,Top Gun: Maverick,26,19
788,2023-05-01,CA,2024-06-02,Big Hero 6,2024-07-02,Spider-Man: No Way Home,32,25
789,2024-07-12,MX,2024-11-29,Avengers: Endgame,2025-05-15,Avengers: Endgame,10,8
790,2024-01-15,US,2024-09-11,Moonlight,2025-03-20,Knives Out,36,10
791,2023-04-18,US,2024-03-30,Inception,2025-05-13,Top Gun: Maverick,20,17
792,2023-01-24,MX,2024-10-03,Top Gun: Maverick,2025-04-12,Avengers: Endgame,4,2
793,2024-12-20,CA,2025-01-25,The Shawshank Redemption,2025-04-03,Whiplash,1,1
794,2024-09-09,CA,2024-12-12,Parasite,2025-04-07,Soul,45,44
795,2024-01-02,MX,2024-12-07,Spider-Man: No Way Home,2025-06-13,Avengers: Endgame,50,13
796,2023-06-04,US,2023-12-22,Arrival,2024-09-02,Soul,4,1
797,2023-04-24,MX,2024-05-27,Parasite,2025-04-24,Big Hero 6,15,11
798,2024-03-13,MX,2024-04-21,Fight Club,2025-04-12,Moonlight,23,2
799,2024-11-04,MX,2024-12-28,Spider-Man: No Way Home,2025-01-23,Get Out,4,0
800,2024-04-01,CA,2024-05-24,Moonlight,2024-09-23,Whiplash,42,28
801,2023-06-24,US,2024-12-24,Bohemian Rhapsody,2025-02-07,Parasite,1,1
802,2023-05-13,US,2024-03-31,Soul,2025-01-11,Spider-Man: No Way Home,45,16
803,2024-11-25,CA,2025-01-03,Whiplash,2025-05-25,Inside Out,11,11
804,2023-03-18,MX,2024-01-07,Bohemian Rhapsody,2024-11-07,Knives Out,21,21
805,2024-04-13,CA,2024-04-28,Inception,2024-11-03,Parasite,31,23
806,2023-02-20,MX,2025-01-05,The Revenant,2025-03-15,Arrival,10,5
807,2024-10-18,CA,2024-12-05,Top Gun: Maverick,2025-04-23,Whiplash,24,16
808,2023-11-16,MX,2024-01-17,Big Hero 6,2025-02-05,Inception,11,11
809,2024-01-07,MX,2024-07-19,Arrival,2025-06-15,Arrival,20,19
810,2024-11-01,CA,2025-01-12,Top Gun: Maverick,2025-05-15,Bohemian Rhapsody,33,6
811,2024-10-03,CA,2024-12-04,Arrival,2024-12-11,Avengers: Endgame,9,1
812,2024-08-04,US,2024-10-11,Moonlight,2025-03-31,Avengers: Endgame,33,18
813,2024-04-28,US,2024-09-11,Soul,2025-03-26,Inside Out,44,12
814,2024-03-28,CA,2025-01-06,Knives Out,2025-02-16,Her,29,9
815,2023-06-03,MX,2024-11-01,Big Hero 6,2025-05-26,Parasite,9,5
816,2024-09-20,US,2024-12-12,The Shawshank Redemption,2025-06-08,Get Out,24,24
817,2024-11-17,US,2025-01-05,Knives Out,2025-04-01,Inception,32,21
818,2023-09-18,CA,2024-05-02,Arrival,2024-05-16,Get Out,29,6
819,2023-01-07,CA,2023-03-28,Arrival,2023-07-05,Avengers: Endgame,27,22
820,2023-03-06,US,2024-10-18,The Shawshank Redemption,2025-06-26,Soul,35,11
821,2024-02-25,US,2024-04-04,Turning Red,2025-04-04,Fight Club,47,23
822,2023-11-18,CA,2023-11-20,The Revenant,2024-11-02,Bohemian Rhapsody,13,3
823,2023-01-16,MX,2024-05-10,Spider-Man: No Way Home,2025-06-08,Turning Red,13,11
824,2024-07-17,US,2025-01-05,Turning Red,2025-03-12,Fight Club,45,17
825,2023-06-23,US,2023-08-24,Parasite,2024-06-14,Turning Red,26,24
826,2024-04-18,MX,2024-08-16,Fight Club,2025-04-06,Her,36,34
827,2023-04-09,US,2024-08-22,Knives Out,2025-02-24,Whiplash,33,28
828,2024-10-27,CA,2024-12-05,Fight Club,2025-05-04,Get Out,36,10
829,2024-12-10,MX,2025-01-11,Knives Out,2025-05-12,Inside Out,36,13
830,2024-12-20,US,2024-12-27,Turning Red,2025-06-13,The Revenant,1,0
831,2023-11-03,MX,2024-11-29,Fight Club,2025-05-12,Arrival,6,2
832,2024-06-10,MX,2024-09-05,Moonlight,2024-09-24,Arrival,29,6
833,2023-09-06,CA,2024-10-17,Inception,2024-11-26,Inside Out,29,10
834,2024-06-18,MX,2025-01-30,Fight Club,2025-04-09,Inception,49,43
835,2023-04-17,CA,2023-12-05,Turning Red,2024-12-20,Knives Out,8,7
836,2023-11-07,CA,2024-01-31,Big Hero 6,2024-03-22,Fight Club,39,21
837,2024-07-21,US,2024-08-31,Parasite,2025-04-18,Inception,42,19
838,2024-05-25,US,2024-10-26,Bohemian Rhapsody,2025-05-17,Knives Out,33,31
839,2024-08-26,US,2024-12-22,Avengers: Endgame,2025-05-10,Big Hero 6,34,22
840,2023-01-05,MX,2024-09-09,Turning Red,2025-05-31,Big Hero 6,40,6
841,2023-12-14,US,2024-08-18,Knives Out,2025-03-25,Moonlight,44,11
842,2023-10-01,US,2024-02-06,Top Gun: Maverick,2024-12-09,Inside Out,26,9
843,2023-11-24,US,2024-09-07,Spider-Man: No Way Home,2024-11-16,Fight Club,26,26
844,2023-02-04,US,2023-05-21,Inception,2023-09-28,Knives Out,26,7
845,2023-01-26,US,2024-01-08,Arrival,2024-12-03,Big Hero 6,36,5
846,2023-03-19,MX,2024-12-22,Moonlight,2025-05-23,Top Gun: Maverick,20,15
847,2024-07-12,MX,2024-08-20,Knives Out,2025-02-06,Parasite,36,16
848,2023-01-23,CA,2024-02-02,Soul,2024-03-02,Moonlight,5,5
849,2024-04-18,CA,2024-10-28,The Shawshank Redemption,2025-03-26,Turning Red,8,0
850,2023-10-09,US,2024-12-04,The Shawshank Redemption,2025-02-09,Spider-Man: No Way Home,15,14
851,2024-07-23,MX,2024-10-31,Get Out,2025-02-06,Top Gun: Maverick,29,3
852,2023-12-28,US,2024-06-30,The Revenant,2024-11-07,Arrival,11,11
853,2024-10-28,MX,2024-11-18,Her,2025-06-29,Parasite,28,13
854,2023-07-11,CA,2024-01-06,Whiplash,2024-11-20,Inside Out,23,6
855,2023-11-03,MX,2024-06-28,Inception,2024-09-27,Inception,36,2
856,2023-10-20,CA,2024-10-17,Big Hero 6,2024-11-29,Turning Red,38,19
857,2023-11-25,US,2024-09-04,Bohemian Rhapsody,2024-10-09,Inception,20,9
858,2023-10-14,MX,2024-09-03,Soul,2025-01-04,Get Out,15,15
859,2024-01-06,CA,2024-03-19,Arrival,2024-09-06,The Revenant,6,3
860,2023-08-28,MX,2023-10-08,Top Gun: Maverick,2024-10-12,Inception,27,6
861,2024-03-16,MX,2024-07-19,The Revenant,2024-07-26,Fight Club,8,5
862,2024-06-09,US,2024-08-26,Bohemian Rhapsody,2025-01-10,Turning Red,2,0
863,2023-10-22,CA,2024-02-06,Turning Red,2024-08-18,Her,21,6
864,2024-07-08,MX,2024-12-24,Avengers: Endgame,2025-01-18,The Revenant,21,4
865,2023-03-05,MX,2024-05-11,Arrival,2024-10-24,Turning Red,10,8
866,2024-02-18,CA,2024-12-05,Get Out,2025-04-17,Knives Out,20,9
867,2023-11-12,CA,2024-08-27,Bohemian Rhapsody,2024-09-07,Arrival,39,24
868,2023-04-29,US,2024-04-17,Whiplash,2024-11-16,Fight Club,21,17
869,2023-11-18,MX,2024-02-22,Soul,2025-05-22,Spider-Man: No Way Home,31,20
870,2023-09-16,US,2024-11-29,Knives Out,2025-05-16,Knives Out,46,26
871,2023-01-18,MX,2023-07-16,Whiplash,2024-12-06,Moonlight,7,1
872,2024-10-22,CA,2024-10-28,Her,2025-02-04,The Shawshank Redemption,8,4
873,2023-07-15,CA,2023-09-29,Parasite,2024-10-30,Soul,15,9
874,2024-03-05,US,2024-03-08,Fight Club,2025-05-24,Parasite,40,16
875,2023-06-08,MX,2024-10-10,Parasite,2024-10-28,Get Out,15,0
876,2023-11-11,US,2024-06-15,Parasite,2024-11-12,The Shawshank Redemption,15,9
877,2024-02-24,US,2024-08-25,Arrival,2025-02-12,Big Hero 6,33,33
878,2023-04-15,CA,2024-11-23,Inside Out,2025-01-15,Arrival,50,44
879,2023-07-16,CA,2024-09-08,Fight Club,2025-03-21,The Revenant,17,8
880,2024-03-31,CA,2024-07-01,Inception,2025-01-15,Avengers: Endgame,34,14
881,2023-02-10,MX,2024-03-19,Fight Club,2024-06-18,Get Out,25,13
882,2024-09-22,MX,2024-12-18,Parasite,2025-04-13,The Shawshank Redemption,38,16
883,2024-05-23,MX,2024-06-03,Spider-Man: No Way Home,2024-09-10,Big Hero 6,9,6
884,2024-01-12,US,2024-05-18,Inside Out,2024-10-22,Whiplash,29,29
885,2023-09-25,MX,2024-11-18,Big Hero 6,2025-04-21,Knives Out,12,10
886,2024-02-02,MX,2024-11-02,Turning Red,2025-04-26,Turning Red,8,1
887,2023-05-06,US,2023-08-16,Avengers: Endgame,2025-01-03,Spider-Man: No Way Home,31,5
888,2024-07-25,CA,2024-11-05,Top Gun: Maverick,2025-06-18,Soul,21,10
889,2024-09-03,MX,2024-12-21,Turning Red,2025-02-18,Inside Out,34,31
890,2024-01-18,MX,2024-07-13,Her,2024-12-05,Whiplash,22,18
891,2024-08-26,US,2024-09-25,Her,2025-06-09,Turning Red,45,26
892,2024-07-22,CA,2024-09-12,Avengers: Endgame,2024-10-04,Her,5,1
893,2023-10-25,US,2024-08-21,Soul,2025-05-16,Inception,8,0
894,2024-09-17,MX,2024-12-02,Soul,2025-01-06,Turning Red,20,11
895,2023-08-27,MX,2024-03-14,Turning Red,2024-08-13,Get Out,48,43
896,2023-07-17,MX,2024-12-19,Knives Out,2025-05-13,Moonlight,22,6
897,2024-01-07,MX,2024-08-12,Inside Out,2025-01-15,Her,47,1
898,2024-05-07,MX,2024-06-11,Get Out,2024-09-08,Bohemian Rhapsody,23,17
899,2023-04-24,MX,2023-08-11,Get Out,2024-11-08,Turning Red,27,4
900,2024-07-02,CA,2024-08-03,Turning Red,2024-09-18,Fight Club,8,7
901,2024-03-12,MX,2024-11-12,Big Hero 6,2024-11-24,Bohemian Rhapsody,50,29
902,2023-10-10,CA,2024-09-18,Her,2024-10-08,Her,7,5
903,2024-05-25,CA,2024-11-02,The Revenant,2025-06-26,Arrival,11,6
904,2023-08-18,MX,2024-05-09,Spider-Man: No Way Home,2025-01-06,Top Gun: Maverick,6,6
905,2023-06-19,MX,2025-01-29,Whiplash,2025-03-17,Top Gun: Maverick,45,3
906,2024-06-23,US,2024-08-24,Top Gun: Maverick,2024-12-29,Her,7,6
907,2023-03-21,US,2024-04-02,Avengers: Endgame,2025-06-13,The Revenant,25,24
908,2024-06-06,MX,2024-10-31,Inception,2025-01-04,Turning Red,36,23
909,2023-03-07,US,2023-07-15,Top Gun: Maverick,2023-12-28,Knives Out,28,27
910,2023-05-15,MX,2024-09-20,Whiplash,2025-01-22,Inception,13,6
911,2024-06-13,US,2024-09-10,Arrival,2025-04-25,Spider-Man: No Way Home,18,18
912,2023-04-03,CA,2025-01-11,Get Out,2025-02-26,Big Hero 6,25,11
913,2023-12-14,CA,2024-10-31,The Shawshank Redemption,2025-06-21,Inside Out,33,18
914,2023-07-13,MX,2023-09-05,Knives Out,2023-11-30,Her,23,16
915,2024-08-16,MX,2024-09-02,The Shawshank Redemption,2025-01-27,Avengers: Endgame,23,0
916,2023-11-02,US,2024-09-24,Inception,2024-11-19,Arrival,24,17
917,2023-03-14,MX,2023-06-14,Fight Club,2024-10-03,Get Out,11,11
918,2023-11-10,US,2024-05-25,Top Gun: Maverick,2024-09-14,Arrival,47,43
919,2023-11-20,CA,2024-06-04,Knives Out,2024-06-27,Big Hero 6,43,0
920,2024-11-14,US,2024-12-11,Inception,2025-02-27,Her,45,25
921,2023-07-10,CA,2024-02-19,Avengers: Endgame,2025-02-12,Whiplash,13,5
922,2024-03-01,CA,2024-11-13,Inside Out,2024-11-19,The Shawshank Redemption,6,1
923,2024-04-01,US,2024-07-29,Soul,2024-09-17,Inside Out,36,28
924,2024-01-05,MX,2024-07-16,Knives Out,2024-08-30,Bohemian Rhapsody,18,16
925,2024-02-20,CA,2024-10-13,Bohemian Rhapsody,2024-11-08,Soul,18,11
926,2024-09-09,CA,2024-09-12,Spider-Man: No Way Home,2025-05-05,Top Gun: Maverick,19,17
927,2023-01-01,CA,2024-09-15,Inside Out,2024-10-11,Inside Out,20,0
928,2023-03-08,CA,2023-05-24,Top Gun: Maverick,2023-10-20,Parasite,36,0
929,2023-11-17,US,2024-11-14,Inception,2025-01-01,Top Gun: Maverick,39,39
930,2024-03-10,MX,2024-05-13,Soul,2024-05-24,Big Hero 6,6,5
931,2023-02-07,CA,2023-02-18,Arrival,2023-08-24,Inside Out,4,1
932,2024-03-08,CA,2024-11-21,Inside Out,2024-12-20,Moonlight,18,16
933,2023-01-12,MX,2024-05-03,Soul,2025-04-12,Bohemian Rhapsody,5,3
934,2023-01-09,CA,2024-11-09,Inception,2025-01-06,Inception,31,10
935,2024-06-13,US,2024-10-21,Moonlight,2025-04-19,Fight Club,19,0
936,2024-08-22,CA,2024-10-26,Bohemian Rhapsody,2025-01-15,Whiplash,40,1
937,2023-10-20,US,2024-09-01,Avengers: Endgame,2025-06-26,Whiplash,38,9
938,2023-11-16,CA,2025-01-21,Bohemian Rhapsody,2025-01-21,Arrival,10,8
939,2023-12-03,MX,2024-12-01,Spider-Man: No Way Home,2025-04-02,Inside Out,18,11
940,2024-08-24,CA,2024-11-17,Get Out,2025-06-11,Inside Out,5,3
941,2024-08-18,MX,2024-10-02,Inception,2024-10-30,Parasite,36,10
942,2023-04-25,US,2023-05-23,Turning Red,2024-01-14,Parasite,15,2
943,2023-01-19,CA,2024-09-26,Turning Red,2025-02-10,Soul,50,8
944,2024-01-04,US,2024-02-08,The Revenant,2025-04-04,Whiplash,30,4
945,2024-10-20,US,2024-11-24,Arrival,2025-04-07,Whiplash,33,30
946,2024-04-05,CA,2024-04-09,Soul,2025-01-29,Turning Red,22,16
947,2023-12-08,US,2024-04-21,Bohemian Rhapsody,2024-11-02,Her,2,2
948,2024-03-11,CA,2024-05-18,Knives Out,2025-05-21,Spider-Man: No Way Home,24,7
949,2023-07-10,MX,2024-08-14,Whiplash,2025-05-20,Arrival,32,8
950,2023-07-24,CA,2024-12-18,Arrival,2025-04-10,Fight Club,2,2
951,2023-06-30,MX,2023-09-04,Spider-Man: No Way Home,2024-09-30,Parasite,6,6
952,2024-12-14,MX,2025-01-11,Inside Out,2025-06-26,Turning Red,48,2
953,2024-03-30,MX,2024-06-27,Her,2024-10-29,Turning Red,9,2
954,2023-11-29,US,2024-05-08,Moonlight,2025-03-07,Inside Out,47,20
955,2024-09-14,US,2024-11-03,Arrival,2025-01-26,Bohemian Rhapsody,41,36
956,2023-06-01,US,2023-09-14,Spider-Man: No Way Home,2025-04-09,Inception,14,10
957,2023-05-22,US,2023-09-26,Parasite,2024-06-28,Spider-Man: No Way Home,23,12
958,2024-09-05,MX,2024-10-27,Spider-Man: No Way Home,2025-02-18,The Revenant,22,21
959,2023-11-08,MX,2024-06-16,Fight Club,2024-11-16,Arrival,45,29
960,2023-02-15,CA,2024-03-06,Fight Club,2024-12-11,The Shawshank Redemption,41,24
961,2024-10-07,US,2024-11-17,Moonlight,2025-04-28,The Revenant,18,15
962,2023-05-24,MX,2024-04-28,Moonlight,2024-07-28,The Shawshank Redemption,24,19
963,2024-05-16,US,2024-10-08,Spider-Man: No Way Home,2024-11-24,Get Out,47,28
964,2024-12-07,MX,2024-12-10,Big Hero 6,2025-01-03,Whiplash,2,0
965,2023-06-27,MX,2023-09-28,Whiplash,2024-08-19,The Shawshank Redemption,35,2
966,2023-07-16,CA,2024-05-08,Parasite,2024-09-01,Inception,42,30
967,2023-04-19,US,2024-05-16,The Revenant,2025-06-30,Big Hero 6,26,25
968,2023-05-15,MX,2023-10-17,Turning Red,2023-10-31,Inception,41,12
969,2023-01-14,MX,2023-05-15,Fight Club,2024-02-26,Her,15,12
970,2023-04-15,US,2024-08-09,Soul,2025-04-09,Whiplash,40,17
971,2023-03-12,CA,2024-11-12,The Shawshank Redemption,2024-12-26,Inside Out,33,32
972,2023-09-16,CA,2023-09-20,Soul,2025-05-10,Whiplash,20,5
973,2023-07-13,CA,2024-04-08,Her,2024-09-01,Turning Red,48,38
974,2024-03-01,MX,2024-12-19,Turning Red,2025-03-26,Get Out,28,1
975,2023-11-30,CA,2024-08-01,The Shawshank Redemption,2024-11-09,Soul,42,23
976,2023-01-09,US,2023-03-25,Inception,2023-09-13,Parasite,8,4
977,2024-09-20,CA,2024-10-02,Her,2024-11-14,Turning Red,24,0
978,2024-03-11,US,2025-01-23,Big Hero 6,2025-02-02,Parasite,10,2
979,2024-07-08,MX,2024-09-07,Big Hero 6,2025-03-25,The Revenant,9,0
980,2023-04-02,MX,2023-11-17,Her,2025-01-20,Arrival,15,0
981,2023-05-05,US,2024-03-04,Big Hero 6,2024-09-09,Fight Club,36,6
982,2023-02-05,MX,2023-06-04,Get Out,2025-05-06,Avengers: Endgame,18,15
983,2024-04-14,CA,2024-06-24,Inception,2024-07-10,Her,20,18
984,2023-06-30,US,2024-04-27,Inception,2025-03-19,Bohemian Rhapsody,5,3
985,2024-12-10,CA,2025-01-27,Turning Red,2025-02-23,Parasite,9,3
986,2024-05-28,US,2024-08-11,Inception,2024-08-26,Whiplash,24,11
987,2024-12-16,MX,2025-01-05,Fight Club,2025-04-17,Arrival,27,24
988,2024-11-24,MX,2025-01-02,Soul,2025-04-13,Moonlight,2,2
989,2023-10-21,CA,2024-03-24,Moonlight,2024-10-31,Moonlight,12,6
990,2024-08-23,CA,2024-12-22,Big Hero 6,2025-02-04,Fight Club,37,16
991,2023-09-22,US,2024-06-11,Knives Out,2024-08-20,Avengers: Endgame,39,38
992,2023-02-20,CA,2024-05-19,Big Hero 6,2024-11-21,Arrival,13,1
993,2024-06-19,MX,2024-10-26,Fight Club,2025-02-28,The Revenant,14,4
994,2024-10-17,MX,2024-10-30,The Shawshank Redemption,2025-05-28,The Revenant,3,0
995,2023-02-07,US,2024-05-13,Turning Red,2025-05-09,Bohemian Rhapsody,49,2
996,2024-03-23,US,2024-09-14,Top Gun: Maverick,2025-05-08,The Shawshank Redemption,25,20
997,2024-06-12,US,2025-01-16,The Revenant,2025-03-05,Big Hero 6,9,7
998,2024-10-16,MX,2024-12-18,Inside Out,2025-05-15,Inception,49,20
999,2023-02-01,MX,2023-08-11,Knives Out,2025-03-02,Moonlight,16,2
1000,2023-09-17,CA,2024-09-09,Get Out,2024-10-18,Whiplash,38,3
